d_loss,epoch,created_at,g_loss
0.8910325169563293,0,2019-12-13 05:21:22.979023,
-1.7830126285552979,0,2019-12-13 05:21:23.086330,0.027641020715236664
-7.237527847290039,0,2019-12-13 05:21:23.206652,
-16.39436149597168,0,2019-12-13 05:21:23.328976,
-29.40317726135254,0,2019-12-13 05:21:23.450861,
-47.295509338378906,0,2019-12-13 05:21:23.569698,
-67.18461608886719,0,2019-12-13 05:21:23.683268,
-85.94039916992188,0,2019-12-13 05:21:23.801545,
-113.26990509033203,0,2019-12-13 05:21:23.914133,
-148.41885375976562,0,2019-12-13 05:21:24.028858,
-176.78558349609375,0,2019-12-13 05:21:24.156506,
-222.80038452148438,0,2019-12-13 05:21:24.278515,
-261.36962890625,0,2019-12-13 05:21:24.389949,-20.051429748535156
-300.4214172363281,0,2019-12-13 05:21:24.502475,
-353.6290283203125,0,2019-12-13 05:21:24.619351,
-402.31011962890625,0,2019-12-13 05:21:24.737210,
-411.3935546875,0,2019-12-13 05:21:24.858111,
-509.3963928222656,0,2019-12-13 05:21:24.981200,
-569.24169921875,0,2019-12-13 05:21:25.103235,
-620.279541015625,0,2019-12-13 05:21:25.224468,
-714.13623046875,0,2019-12-13 05:21:25.349472,
-731.3969116210938,0,2019-12-13 05:21:25.465609,
-765.997802734375,0,2019-12-13 05:21:25.582015,
-883.8739624023438,0,2019-12-13 05:21:25.690965,-238.64283752441406
-979.3543090820312,0,2019-12-13 05:21:25.799723,
-1033.1173095703125,0,2019-12-13 05:21:25.915763,
-1112.900390625,0,2019-12-13 05:21:26.028644,
-1108.737060546875,0,2019-12-13 05:21:26.142755,
-1209.6279296875,0,2019-12-13 05:21:26.259433,
-1252.3394775390625,0,2019-12-13 05:21:26.371973,
-1203.632568359375,0,2019-12-13 05:21:26.489788,
-1264.254150390625,0,2019-12-13 05:21:26.607577,
-1342.3612060546875,0,2019-12-13 05:21:26.723993,
-1453.099365234375,0,2019-12-13 05:21:26.839600,
-1345.2764892578125,0,2019-12-13 05:21:26.951944,-1290.36962890625
-1467.0574951171875,0,2019-12-13 05:21:27.067650,
-1296.2476806640625,0,2019-12-13 05:21:27.184274,
-1433.705078125,0,2019-12-13 05:21:27.303204,
-1359.5003662109375,0,2019-12-13 05:21:27.419336,
-1402.92236328125,0,2019-12-13 05:21:27.540162,
-1287.4580078125,0,2019-12-13 05:21:27.657953,
-1337.97998046875,0,2019-12-13 05:21:27.778069,
-1199.6800537109375,0,2019-12-13 05:21:27.888712,
-1055.390869140625,0,2019-12-13 05:21:28.006687,
-685.2323608398438,0,2019-12-13 05:21:28.128618,
-752.2071533203125,0,2019-12-13 05:21:28.251336,-3772.326171875
-987.9344482421875,0,2019-12-13 05:21:28.370408,
-863.1040649414062,0,2019-12-13 05:21:28.486273,
-827.93359375,0,2019-12-13 05:21:28.604514,
-697.9050903320312,0,2019-12-13 05:21:28.722939,
-665.5941772460938,0,2019-12-13 05:21:28.840554,
-414.0557556152344,0,2019-12-13 05:21:28.958327,
-360.80059814453125,0,2019-12-13 05:21:29.079176,
-324.72418212890625,0,2019-12-13 05:21:29.200980,
-288.64715576171875,0,2019-12-13 05:21:29.318701,
-292.885009765625,0,2019-12-13 05:21:29.431358,
24.10639190673828,0,2019-12-13 05:21:29.547318,-6217.5791015625
52.344398498535156,0,2019-12-13 05:21:29.660441,
-93.40705871582031,0,2019-12-13 05:21:29.781582,
153.01699829101562,0,2019-12-13 05:21:29.893396,
0.9821395874023438,0,2019-12-13 05:21:30.012425,
99.22842407226562,0,2019-12-13 05:21:30.128654,
152.61631774902344,0,2019-12-13 05:21:30.245924,
208.30056762695312,0,2019-12-13 05:21:30.360311,
263.73779296875,0,2019-12-13 05:21:30.473480,
206.0498809814453,0,2019-12-13 05:21:30.591793,
256.2494201660156,0,2019-12-13 05:21:30.707756,
239.85104370117188,0,2019-12-13 05:21:30.823351,-6901.892578125
226.66802978515625,0,2019-12-13 05:21:30.939387,
269.0554504394531,0,2019-12-13 05:21:31.058263,
220.56959533691406,0,2019-12-13 05:21:31.174351,
293.6922912597656,0,2019-12-13 05:21:31.292776,
289.6718444824219,0,2019-12-13 05:21:31.404220,
188.09524536132812,0,2019-12-13 05:21:31.522032,
326.53424072265625,0,2019-12-13 05:21:31.637252,
264.07965087890625,0,2019-12-13 05:21:31.756103,
322.8829345703125,0,2019-12-13 05:21:31.872215,
291.38482666015625,0,2019-12-13 05:21:31.994466,
225.3959503173828,0,2019-12-13 05:21:32.112698,-6909.6845703125
225.12054443359375,0,2019-12-13 05:21:32.226693,
212.348388671875,0,2019-12-13 05:21:32.344206,
157.2635498046875,0,2019-12-13 05:21:32.455233,
154.67416381835938,0,2019-12-13 05:21:32.572879,
133.68751525878906,0,2019-12-13 05:21:32.684928,
219.25238037109375,0,2019-12-13 05:21:32.802196,
101.02298736572266,0,2019-12-13 05:21:32.913320,
196.89926147460938,0,2019-12-13 05:21:33.029190,
146.36843872070312,0,2019-12-13 05:21:33.145885,
128.26779174804688,0,2019-12-13 05:21:33.263053,
194.06454467773438,0,2019-12-13 05:21:33.373694,-6963.97314453125
215.63973999023438,0,2019-12-13 05:21:33.486217,
189.1244659423828,0,2019-12-13 05:21:33.602719,
249.21401977539062,0,2019-12-13 05:21:33.715130,
174.6745147705078,0,2019-12-13 05:21:33.829092,
165.77130126953125,1,2019-12-13 05:21:33.954528,
147.0052490234375,1,2019-12-13 05:21:34.072164,
91.60867309570312,1,2019-12-13 05:21:34.187130,
117.71046447753906,1,2019-12-13 05:21:34.305834,
98.60263061523438,1,2019-12-13 05:21:34.421260,-7066.99462890625
166.81857299804688,1,2019-12-13 05:21:34.540584,
195.25341796875,1,2019-12-13 05:21:34.656179,
204.65243530273438,1,2019-12-13 05:21:34.776115,
200.88255310058594,1,2019-12-13 05:21:34.888003,
200.92727661132812,1,2019-12-13 05:21:35.004144,
183.47459411621094,1,2019-12-13 05:21:35.124620,
318.64971923828125,1,2019-12-13 05:21:35.239539,
205.73080444335938,1,2019-12-13 05:21:35.354306,
184.11375427246094,1,2019-12-13 05:21:35.467570,
319.08612060546875,1,2019-12-13 05:21:35.586712,
273.2591552734375,1,2019-12-13 05:21:35.701129,-7219.6337890625
-25.09075927734375,1,2019-12-13 05:21:35.817264,
172.18222045898438,1,2019-12-13 05:21:35.937124,
277.2474365234375,1,2019-12-13 05:21:36.054729,
212.7949981689453,1,2019-12-13 05:21:36.166640,
338.88677978515625,1,2019-12-13 05:21:36.289026,
189.6385040283203,1,2019-12-13 05:21:36.400242,
336.9344482421875,1,2019-12-13 05:21:36.515866,
412.3403015136719,1,2019-12-13 05:21:36.637201,
300.61236572265625,1,2019-12-13 05:21:36.758862,
267.8031005859375,1,2019-12-13 05:21:36.872537,
279.8131103515625,1,2019-12-13 05:21:36.985853,-7341.20947265625
278.9591979980469,1,2019-12-13 05:21:37.103116,
311.15216064453125,1,2019-12-13 05:21:37.218984,
312.5947265625,1,2019-12-13 05:21:37.335897,
235.3175811767578,1,2019-12-13 05:21:37.454297,
277.0335693359375,1,2019-12-13 05:21:37.571819,
269.04693603515625,1,2019-12-13 05:21:37.685809,
341.0880432128906,1,2019-12-13 05:21:37.804657,
230.8397979736328,1,2019-12-13 05:21:37.916159,
370.76397705078125,1,2019-12-13 05:21:38.032608,
237.20083618164062,1,2019-12-13 05:21:38.149221,
362.02838134765625,1,2019-12-13 05:21:38.266260,-7435.32373046875
301.4788818359375,1,2019-12-13 05:21:38.374858,
308.34033203125,1,2019-12-13 05:21:38.487417,
306.7855529785156,1,2019-12-13 05:21:38.609297,
321.9459228515625,1,2019-12-13 05:21:38.726780,
328.39508056640625,1,2019-12-13 05:21:38.842836,
289.06829833984375,1,2019-12-13 05:21:38.956871,
301.6652526855469,1,2019-12-13 05:21:39.076154,
307.6060485839844,1,2019-12-13 05:21:39.190963,
237.2954559326172,1,2019-12-13 05:21:39.309901,
311.33154296875,1,2019-12-13 05:21:39.427812,
316.6370849609375,1,2019-12-13 05:21:39.547981,-7560.021484375
332.25238037109375,1,2019-12-13 05:21:39.657870,
243.08685302734375,1,2019-12-13 05:21:39.781467,
247.79486083984375,1,2019-12-13 05:21:39.891559,
265.17236328125,1,2019-12-13 05:21:40.005305,
248.1822052001953,1,2019-12-13 05:21:40.124658,
265.5381774902344,1,2019-12-13 05:21:40.245319,
255.8982391357422,1,2019-12-13 05:21:40.366856,
306.263427734375,1,2019-12-13 05:21:40.489550,
259.55712890625,1,2019-12-13 05:21:40.606464,
263.69744873046875,1,2019-12-13 05:21:40.720915,
268.5351867675781,1,2019-12-13 05:21:40.836534,-7710.86669921875
186.6356964111328,1,2019-12-13 05:21:40.949938,
229.02513122558594,1,2019-12-13 05:21:41.068550,
262.3631591796875,1,2019-12-13 05:21:41.191465,
231.1049346923828,1,2019-12-13 05:21:41.313155,
242.73928833007812,1,2019-12-13 05:21:41.431050,
224.86053466796875,1,2019-12-13 05:21:41.550438,
236.64266967773438,1,2019-12-13 05:21:41.665669,
199.7670135498047,1,2019-12-13 05:21:41.787394,
210.6611328125,1,2019-12-13 05:21:41.898774,
231.3723907470703,1,2019-12-13 05:21:42.013105,
206.67018127441406,1,2019-12-13 05:21:42.132507,-7935.16650390625
182.7228546142578,1,2019-12-13 05:21:42.246642,
218.7252960205078,1,2019-12-13 05:21:42.359295,
210.08265686035156,1,2019-12-13 05:21:42.470965,
235.6993408203125,1,2019-12-13 05:21:42.589070,
257.17578125,1,2019-12-13 05:21:42.705723,
233.51022338867188,1,2019-12-13 05:21:42.821717,
225.2129364013672,1,2019-12-13 05:21:42.931519,
213.35943603515625,1,2019-12-13 05:21:43.050651,
218.1337432861328,1,2019-12-13 05:21:43.163932,
291.72845458984375,1,2019-12-13 05:21:43.294969,
206.0055694580078,1,2019-12-13 05:21:43.416388,-8217.314453125
242.13294982910156,1,2019-12-13 05:21:43.536603,
246.2594757080078,1,2019-12-13 05:21:43.657603,
180.08242797851562,1,2019-12-13 05:21:43.779286,
260.84942626953125,1,2019-12-13 05:21:43.903226,
264.9356384277344,1,2019-12-13 05:21:44.026545,
323.9793701171875,1,2019-12-13 05:21:44.143217,
284.2559814453125,1,2019-12-13 05:21:44.263147,
256.1715393066406,1,2019-12-13 05:21:44.385083,
286.715576171875,1,2019-12-13 05:21:44.504274,
332.5061340332031,1,2019-12-13 05:21:44.620999,
324.6224060058594,1,2019-12-13 05:21:44.733982,-8496.6806640625
276.59149169921875,1,2019-12-13 05:21:44.849642,
308.623291015625,2,2019-12-13 05:21:44.978790,
356.2749938964844,2,2019-12-13 05:21:45.097269,
385.65753173828125,2,2019-12-13 05:21:45.212124,
375.839599609375,2,2019-12-13 05:21:45.328244,
373.4541931152344,2,2019-12-13 05:21:45.446481,
353.6191711425781,2,2019-12-13 05:21:45.566072,
368.2447204589844,2,2019-12-13 05:21:45.680779,
402.767578125,2,2019-12-13 05:21:45.795141,-8642.490234375
422.8184509277344,2,2019-12-13 05:21:45.918511,
408.6851501464844,2,2019-12-13 05:21:46.042357,
399.373779296875,2,2019-12-13 05:21:46.161776,
415.0020446777344,2,2019-12-13 05:21:46.274243,
435.1148681640625,2,2019-12-13 05:21:46.391320,
468.4839172363281,2,2019-12-13 05:21:46.504515,
418.125244140625,2,2019-12-13 05:21:46.620543,
482.0626220703125,2,2019-12-13 05:21:46.732487,
467.3685302734375,2,2019-12-13 05:21:46.847566,
457.31005859375,2,2019-12-13 05:21:46.962346,
435.31121826171875,2,2019-12-13 05:21:47.080674,-8714.595703125
422.64495849609375,2,2019-12-13 05:21:47.189764,
408.2846374511719,2,2019-12-13 05:21:47.310749,
439.9006042480469,2,2019-12-13 05:21:47.429492,
513.9508666992188,2,2019-12-13 05:21:47.547764,
486.4635314941406,2,2019-12-13 05:21:47.662337,
427.2376708984375,2,2019-12-13 05:21:47.775285,
388.07391357421875,2,2019-12-13 05:21:47.895159,
376.9073486328125,2,2019-12-13 05:21:48.011512,
465.7060241699219,2,2019-12-13 05:21:48.129162,
408.00018310546875,2,2019-12-13 05:21:48.244004,
387.6524658203125,2,2019-12-13 05:21:48.361915,-8729.279296875
366.342529296875,2,2019-12-13 05:21:48.479982,
365.72796630859375,2,2019-12-13 05:21:48.600741,
386.9736633300781,2,2019-12-13 05:21:48.714475,
367.6391296386719,2,2019-12-13 05:21:48.831365,
363.29217529296875,2,2019-12-13 05:21:48.949269,
335.16400146484375,2,2019-12-13 05:21:49.068661,
301.57623291015625,2,2019-12-13 05:21:49.182648,
375.3941650390625,2,2019-12-13 05:21:49.297131,
326.82171630859375,2,2019-12-13 05:21:49.413588,
319.09478759765625,2,2019-12-13 05:21:49.529848,
297.7538146972656,2,2019-12-13 05:21:49.648750,-8787.65625
254.8201141357422,2,2019-12-13 05:21:49.758413,
275.536865234375,2,2019-12-13 05:21:49.875627,
294.74224853515625,2,2019-12-13 05:21:49.988169,
295.00238037109375,2,2019-12-13 05:21:50.106663,
323.6123352050781,2,2019-12-13 05:21:50.218817,
236.9700164794922,2,2019-12-13 05:21:50.332558,
301.29949951171875,2,2019-12-13 05:21:50.447483,
321.25091552734375,2,2019-12-13 05:21:50.567605,
325.4605712890625,2,2019-12-13 05:21:50.681194,
213.13636779785156,2,2019-12-13 05:21:50.800275,
275.50592041015625,2,2019-12-13 05:21:50.917141,-8991.66015625
312.31353759765625,2,2019-12-13 05:21:51.031700,
220.77337646484375,2,2019-12-13 05:21:51.145925,
247.6310272216797,2,2019-12-13 05:21:51.264709,
241.14376831054688,2,2019-12-13 05:21:51.384409,
305.7228088378906,2,2019-12-13 05:21:51.497826,
291.31195068359375,2,2019-12-13 05:21:51.616191,
206.4822235107422,2,2019-12-13 05:21:51.729095,
343.8540344238281,2,2019-12-13 05:21:51.845097,
297.697265625,2,2019-12-13 05:21:51.965880,
285.668701171875,2,2019-12-13 05:21:52.085352,
326.3741455078125,2,2019-12-13 05:21:52.195220,-9270.376953125
318.860107421875,2,2019-12-13 05:21:52.309420,
311.4888916015625,2,2019-12-13 05:21:52.425947,
295.5734558105469,2,2019-12-13 05:21:52.546246,
307.5643615722656,2,2019-12-13 05:21:52.661615,
311.51666259765625,2,2019-12-13 05:21:52.775482,
335.0776062011719,2,2019-12-13 05:21:52.895940,
344.28082275390625,2,2019-12-13 05:21:53.012392,
327.5164794921875,2,2019-12-13 05:21:53.134537,
364.02337646484375,2,2019-12-13 05:21:53.262369,
334.3179931640625,2,2019-12-13 05:21:53.384491,
295.4962463378906,2,2019-12-13 05:21:53.503726,-9518.3046875
360.768798828125,2,2019-12-13 05:21:53.623887,
365.435302734375,2,2019-12-13 05:21:53.746926,
389.7589416503906,2,2019-12-13 05:21:53.870337,
364.27239990234375,2,2019-12-13 05:21:53.996106,
321.59808349609375,2,2019-12-13 05:21:54.118585,
356.29534912109375,2,2019-12-13 05:21:54.246179,
421.7964172363281,2,2019-12-13 05:21:54.376119,
316.221435546875,2,2019-12-13 05:21:54.501048,
370.23187255859375,2,2019-12-13 05:21:54.625116,
368.496337890625,2,2019-12-13 05:21:54.744264,
324.53692626953125,2,2019-12-13 05:21:54.861318,-9682.939453125
378.58978271484375,2,2019-12-13 05:21:54.973823,
398.5032958984375,2,2019-12-13 05:21:55.091877,
445.2112121582031,2,2019-12-13 05:21:55.202657,
361.4854736328125,2,2019-12-13 05:21:55.320632,
383.963134765625,2,2019-12-13 05:21:55.438641,
401.671630859375,2,2019-12-13 05:21:55.566198,
454.4261474609375,2,2019-12-13 05:21:55.690476,
470.21502685546875,2,2019-12-13 05:21:55.814040,
359.2617492675781,2,2019-12-13 05:21:55.937486,
388.79168701171875,3,2019-12-13 05:21:56.066497,
407.65203857421875,3,2019-12-13 05:21:56.191713,
429.84625244140625,3,2019-12-13 05:21:56.318316,
421.1112060546875,3,2019-12-13 05:21:56.446981,
368.9302673339844,3,2019-12-13 05:21:56.575734,
366.8185729980469,3,2019-12-13 05:21:56.705235,
372.9988708496094,3,2019-12-13 05:21:56.835623,
417.5923156738281,3,2019-12-13 05:21:56.962901,
415.59576416015625,3,2019-12-13 05:21:57.088597,
345.28179931640625,3,2019-12-13 05:21:57.216489,
345.73651123046875,3,2019-12-13 05:21:57.343061,-9503.939453125
365.71044921875,3,2019-12-13 05:21:57.471608,
330.0007629394531,3,2019-12-13 05:21:57.596846,
341.0892333984375,3,2019-12-13 05:21:57.722221,
390.6273193359375,3,2019-12-13 05:21:57.856242,
409.4115905761719,3,2019-12-13 05:21:57.984663,
362.154296875,3,2019-12-13 05:21:58.110883,
341.8295593261719,3,2019-12-13 05:21:58.239126,
370.3590087890625,3,2019-12-13 05:21:58.363178,
372.6318054199219,3,2019-12-13 05:21:58.488702,
390.0330505371094,3,2019-12-13 05:21:58.616630,
342.70562744140625,3,2019-12-13 05:21:58.741138,-9480.197265625
430.23370361328125,3,2019-12-13 05:21:58.863566,
429.66131591796875,3,2019-12-13 05:21:58.990690,
363.10736083984375,3,2019-12-13 05:21:59.114117,
347.48748779296875,3,2019-12-13 05:21:59.234888,
343.6094665527344,3,2019-12-13 05:21:59.354504,
394.03497314453125,3,2019-12-13 05:21:59.479943,
380.7614440917969,3,2019-12-13 05:21:59.602023,
372.6555480957031,3,2019-12-13 05:21:59.718026,
387.7817687988281,3,2019-12-13 05:21:59.843308,
368.7605895996094,3,2019-12-13 05:21:59.967546,
389.756103515625,3,2019-12-13 05:22:00.092677,-9568.3310546875
339.0489501953125,3,2019-12-13 05:22:00.204473,
388.2281799316406,3,2019-12-13 05:22:00.322879,
364.8993225097656,3,2019-12-13 05:22:00.442056,
392.1866760253906,3,2019-12-13 05:22:00.564566,
383.9535217285156,3,2019-12-13 05:22:00.679242,
363.6871032714844,3,2019-12-13 05:22:00.801631,
347.0351257324219,3,2019-12-13 05:22:00.932050,
385.1982421875,3,2019-12-13 05:22:01.060386,
343.31060791015625,3,2019-12-13 05:22:01.195089,
339.98583984375,3,2019-12-13 05:22:01.329689,
344.0852966308594,3,2019-12-13 05:22:01.454606,-9709.197265625
374.4790344238281,3,2019-12-13 05:22:01.643980,
385.9846496582031,3,2019-12-13 05:22:01.822020,
341.85888671875,3,2019-12-13 05:22:02.014893,
385.9716491699219,3,2019-12-13 05:22:02.194739,
363.4903564453125,3,2019-12-13 05:22:02.342312,
368.7595520019531,3,2019-12-13 05:22:02.496264,
346.84710693359375,3,2019-12-13 05:22:02.626152,
341.3684387207031,3,2019-12-13 05:22:02.773705,
385.60650634765625,3,2019-12-13 05:22:02.932681,
346.0069274902344,3,2019-12-13 05:22:03.087803,
324.5855407714844,3,2019-12-13 05:22:03.263669,-9785.91015625
319.5242614746094,3,2019-12-13 05:22:03.392372,
354.8847961425781,3,2019-12-13 05:22:03.551249,
318.5325012207031,3,2019-12-13 05:22:03.680973,
299.52679443359375,3,2019-12-13 05:22:03.807647,
361.53070068359375,3,2019-12-13 05:22:03.925309,
307.7856140136719,3,2019-12-13 05:22:04.053643,
311.32757568359375,3,2019-12-13 05:22:04.174846,
359.3125,3,2019-12-13 05:22:04.289894,
360.30511474609375,3,2019-12-13 05:22:04.407932,
339.3985290527344,3,2019-12-13 05:22:04.526829,
332.6321716308594,3,2019-12-13 05:22:04.642963,-9762.369140625
326.83404541015625,3,2019-12-13 05:22:04.757526,
323.7145690917969,3,2019-12-13 05:22:04.880259,
368.41839599609375,3,2019-12-13 05:22:05.010130,
384.0250549316406,3,2019-12-13 05:22:05.156461,
371.4019775390625,3,2019-12-13 05:22:05.291199,
411.9755859375,3,2019-12-13 05:22:05.419251,
397.4658203125,3,2019-12-13 05:22:05.547477,
352.76995849609375,3,2019-12-13 05:22:05.671437,
399.22509765625,3,2019-12-13 05:22:05.788807,
379.3348083496094,3,2019-12-13 05:22:05.911406,
391.9768981933594,3,2019-12-13 05:22:06.035185,-9869.40625
383.86773681640625,3,2019-12-13 05:22:06.157862,
396.3522033691406,3,2019-12-13 05:22:06.284719,
385.29693603515625,3,2019-12-13 05:22:06.409881,
384.1377868652344,3,2019-12-13 05:22:06.540082,
360.6422424316406,3,2019-12-13 05:22:06.664234,
377.5389099121094,3,2019-12-13 05:22:06.785887,
388.2816162109375,3,2019-12-13 05:22:06.906760,
357.7383728027344,3,2019-12-13 05:22:07.027860,
372.2449645996094,3,2019-12-13 05:22:07.159475,
380.49346923828125,3,2019-12-13 05:22:07.304671,
376.4568786621094,3,2019-12-13 05:22:07.438660,-9999.03515625
363.0229797363281,3,2019-12-13 05:22:07.569047,
351.3592834472656,3,2019-12-13 05:22:07.757582,
375.92449951171875,3,2019-12-13 05:22:07.984413,
408.8552551269531,3,2019-12-13 05:22:08.208336,
413.37152099609375,3,2019-12-13 05:22:08.372686,
343.5331726074219,3,2019-12-13 05:22:08.516772,
377.6675720214844,4,2019-12-13 05:22:08.653289,
389.3394470214844,4,2019-12-13 05:22:08.821577,
365.69586181640625,4,2019-12-13 05:22:08.987042,-10065.65625
358.14453125,4,2019-12-13 05:22:09.141035,
339.5214538574219,4,2019-12-13 05:22:09.299152,
347.6431579589844,4,2019-12-13 05:22:09.476729,
365.83917236328125,4,2019-12-13 05:22:09.694416,
379.2799377441406,4,2019-12-13 05:22:09.879262,
403.593017578125,4,2019-12-13 05:22:10.021974,
366.5587158203125,4,2019-12-13 05:22:10.158969,
367.5121154785156,4,2019-12-13 05:22:10.295833,
406.0787048339844,4,2019-12-13 05:22:10.428421,
372.7534484863281,4,2019-12-13 05:22:10.559144,
371.35772705078125,4,2019-12-13 05:22:10.686162,-10124.3515625
395.99517822265625,4,2019-12-13 05:22:10.815984,
400.0569152832031,4,2019-12-13 05:22:10.945469,
326.9061584472656,4,2019-12-13 05:22:11.074808,
364.50823974609375,4,2019-12-13 05:22:11.203502,
402.97369384765625,4,2019-12-13 05:22:11.337886,
389.427734375,4,2019-12-13 05:22:11.465315,
418.49041748046875,4,2019-12-13 05:22:11.596575,
382.6416931152344,4,2019-12-13 05:22:11.722808,
482.90704345703125,4,2019-12-13 05:22:11.854254,
471.0608215332031,4,2019-12-13 05:22:11.980792,
404.1261291503906,4,2019-12-13 05:22:12.107654,-10143.1787109375
384.654296875,4,2019-12-13 05:22:12.229818,
367.9404296875,4,2019-12-13 05:22:12.356373,
437.25323486328125,4,2019-12-13 05:22:12.493107,
402.79443359375,4,2019-12-13 05:22:12.618114,
407.0702209472656,4,2019-12-13 05:22:12.745494,
431.6614074707031,4,2019-12-13 05:22:12.880878,
399.9736633300781,4,2019-12-13 05:22:13.011394,
438.32623291015625,4,2019-12-13 05:22:13.138170,
383.591796875,4,2019-12-13 05:22:13.261157,
427.1963806152344,4,2019-12-13 05:22:13.383617,
398.5177917480469,4,2019-12-13 05:22:13.512743,-10202.310546875
410.54693603515625,4,2019-12-13 05:22:13.639465,
409.75115966796875,4,2019-12-13 05:22:13.766271,
383.802734375,4,2019-12-13 05:22:13.892176,
375.72406005859375,4,2019-12-13 05:22:14.021234,
405.2505187988281,4,2019-12-13 05:22:14.155780,
380.8796691894531,4,2019-12-13 05:22:14.285118,
376.9254150390625,4,2019-12-13 05:22:14.417924,
383.9688720703125,4,2019-12-13 05:22:14.548827,
398.83331298828125,4,2019-12-13 05:22:14.678998,
403.9217224121094,4,2019-12-13 05:22:14.809391,
358.76165771484375,4,2019-12-13 05:22:14.940348,-10123.1640625
395.6931457519531,4,2019-12-13 05:22:15.074157,
404.80194091796875,4,2019-12-13 05:22:15.206699,
393.4226379394531,4,2019-12-13 05:22:15.337582,
354.0232238769531,4,2019-12-13 05:22:15.469581,
371.80615234375,4,2019-12-13 05:22:15.594718,
403.3006286621094,4,2019-12-13 05:22:15.718868,
378.75567626953125,4,2019-12-13 05:22:15.842790,
373.2672119140625,4,2019-12-13 05:22:15.966917,
363.2396545410156,4,2019-12-13 05:22:16.093180,
401.9839172363281,4,2019-12-13 05:22:16.217827,
357.86358642578125,4,2019-12-13 05:22:16.343045,-10249.1650390625
334.9402160644531,4,2019-12-13 05:22:16.465166,
414.0991516113281,4,2019-12-13 05:22:16.589240,
364.3669128417969,4,2019-12-13 05:22:16.718116,
374.4391784667969,4,2019-12-13 05:22:16.843250,
409.63568115234375,4,2019-12-13 05:22:16.970094,
408.9380187988281,4,2019-12-13 05:22:17.093635,
391.8770446777344,4,2019-12-13 05:22:17.216574,
396.362060546875,4,2019-12-13 05:22:17.341646,
403.6942138671875,4,2019-12-13 05:22:17.467312,
386.05755615234375,4,2019-12-13 05:22:17.593508,
392.0359191894531,4,2019-12-13 05:22:17.719537,-10281.9453125
405.66656494140625,4,2019-12-13 05:22:17.844594,
386.7713928222656,4,2019-12-13 05:22:17.972942,
420.3822937011719,4,2019-12-13 05:22:18.097606,
402.5664367675781,4,2019-12-13 05:22:18.221998,
378.287353515625,4,2019-12-13 05:22:18.348811,
425.36224365234375,4,2019-12-13 05:22:18.473815,
400.8551025390625,4,2019-12-13 05:22:18.595494,
401.3562927246094,4,2019-12-13 05:22:18.730874,
404.5628662109375,4,2019-12-13 05:22:18.857114,
386.9321594238281,4,2019-12-13 05:22:18.979919,
376.9312744140625,4,2019-12-13 05:22:19.103490,-10289.345703125
384.3912658691406,4,2019-12-13 05:22:19.231240,
355.3716735839844,4,2019-12-13 05:22:19.355938,
381.0180969238281,4,2019-12-13 05:22:19.471659,
393.1999206542969,4,2019-12-13 05:22:19.587674,
371.1712646484375,4,2019-12-13 05:22:19.716239,
376.03314208984375,4,2019-12-13 05:22:19.841000,
392.6871643066406,4,2019-12-13 05:22:19.960092,
393.6944580078125,4,2019-12-13 05:22:20.088395,
392.0641784667969,4,2019-12-13 05:22:20.218228,
378.58245849609375,4,2019-12-13 05:22:20.346000,
396.8269348144531,4,2019-12-13 05:22:20.481145,-10332.7109375
407.24774169921875,4,2019-12-13 05:22:20.607514,
424.5077209472656,4,2019-12-13 05:22:20.733612,
363.7000732421875,4,2019-12-13 05:22:20.858819,
397.6492614746094,5,2019-12-13 05:22:20.995615,
399.8998718261719,5,2019-12-13 05:22:21.124052,
398.7106628417969,5,2019-12-13 05:22:21.247251,
390.1651916503906,5,2019-12-13 05:22:21.371812,
369.7266540527344,5,2019-12-13 05:22:21.501275,
370.2605285644531,5,2019-12-13 05:22:21.626271,-10372.3798828125
380.2888488769531,5,2019-12-13 05:22:21.749396,
410.1922912597656,5,2019-12-13 05:22:21.871136,
422.199951171875,5,2019-12-13 05:22:21.993153,
384.6009826660156,5,2019-12-13 05:22:22.116510,
384.7067565917969,5,2019-12-13 05:22:22.248654,
406.4493713378906,5,2019-12-13 05:22:22.373923,
389.3568420410156,5,2019-12-13 05:22:22.501265,
393.89093017578125,5,2019-12-13 05:22:22.628423,
414.7718811035156,5,2019-12-13 05:22:22.753554,
427.1605529785156,5,2019-12-13 05:22:22.877193,
383.63226318359375,5,2019-12-13 05:22:22.999799,-10398.4609375
371.8851623535156,5,2019-12-13 05:22:23.122752,
385.770263671875,5,2019-12-13 05:22:23.247863,
396.7882080078125,5,2019-12-13 05:22:23.373462,
411.9407653808594,5,2019-12-13 05:22:23.505437,
377.0392761230469,5,2019-12-13 05:22:23.630868,
479.3009033203125,5,2019-12-13 05:22:23.759774,
472.3955078125,5,2019-12-13 05:22:23.887251,
411.28741455078125,5,2019-12-13 05:22:24.012918,
392.12127685546875,5,2019-12-13 05:22:24.144147,
377.9929504394531,5,2019-12-13 05:22:24.273604,
434.67376708984375,5,2019-12-13 05:22:24.403759,-10418.109375
414.2264099121094,5,2019-12-13 05:22:24.527225,
408.7998046875,5,2019-12-13 05:22:24.649649,
424.3565673828125,5,2019-12-13 05:22:24.781964,
401.6474609375,5,2019-12-13 05:22:24.905370,
423.5694580078125,5,2019-12-13 05:22:25.029135,
390.41204833984375,5,2019-12-13 05:22:25.151322,
412.41717529296875,5,2019-12-13 05:22:25.274298,
406.6344909667969,5,2019-12-13 05:22:25.401742,
408.160888671875,5,2019-12-13 05:22:25.528713,
422.5437316894531,5,2019-12-13 05:22:25.655163,
393.4876708984375,5,2019-12-13 05:22:25.781758,-10379.193359375
380.85693359375,5,2019-12-13 05:22:25.904884,
404.5660095214844,5,2019-12-13 05:22:26.035530,
383.19793701171875,5,2019-12-13 05:22:26.162687,
383.19708251953125,5,2019-12-13 05:22:26.287579,
393.3266296386719,5,2019-12-13 05:22:26.411206,
418.03033447265625,5,2019-12-13 05:22:26.540013,
426.8379821777344,5,2019-12-13 05:22:26.666766,
398.7269287109375,5,2019-12-13 05:22:26.792983,
423.851318359375,5,2019-12-13 05:22:26.918306,
409.5375671386719,5,2019-12-13 05:22:27.044472,
400.997802734375,5,2019-12-13 05:22:27.168440,-10421.927734375
378.0045166015625,5,2019-12-13 05:22:27.300574,
401.9826354980469,5,2019-12-13 05:22:27.427053,
421.4269714355469,5,2019-12-13 05:22:27.553377,
396.4906005859375,5,2019-12-13 05:22:27.682097,
396.5444641113281,5,2019-12-13 05:22:27.812049,
380.26495361328125,5,2019-12-13 05:22:27.942000,
425.802734375,5,2019-12-13 05:22:28.070376,
380.60186767578125,5,2019-12-13 05:22:28.192954,
369.88519287109375,5,2019-12-13 05:22:28.312538,
423.3954162597656,5,2019-12-13 05:22:28.446500,
370.3463439941406,5,2019-12-13 05:22:28.590237,-10418.9130859375
373.7190246582031,5,2019-12-13 05:22:28.726360,
403.24822998046875,5,2019-12-13 05:22:28.862869,
397.4131164550781,5,2019-12-13 05:22:28.998124,
400.19464111328125,5,2019-12-13 05:22:29.131306,
391.6657409667969,5,2019-12-13 05:22:29.261651,
403.78826904296875,5,2019-12-13 05:22:29.393319,
399.80633544921875,5,2019-12-13 05:22:29.523956,
415.0621337890625,5,2019-12-13 05:22:29.648790,
425.2344055175781,5,2019-12-13 05:22:29.775417,
399.8484802246094,5,2019-12-13 05:22:29.903896,
426.38751220703125,5,2019-12-13 05:22:30.025502,-10461.87890625
404.1390686035156,5,2019-12-13 05:22:30.146900,
377.0780029296875,5,2019-12-13 05:22:30.269595,
419.41497802734375,5,2019-12-13 05:22:30.393185,
397.37603759765625,5,2019-12-13 05:22:30.514224,
405.3551940917969,5,2019-12-13 05:22:30.638865,
411.8934326171875,5,2019-12-13 05:22:30.769593,
403.18109130859375,5,2019-12-13 05:22:30.899665,
400.1491394042969,5,2019-12-13 05:22:31.027873,
405.0044860839844,5,2019-12-13 05:22:31.164435,
376.2142639160156,5,2019-12-13 05:22:31.290211,
387.39306640625,5,2019-12-13 05:22:31.414054,-10482.138671875
400.1372985839844,5,2019-12-13 05:22:31.538601,
372.3123474121094,5,2019-12-13 05:22:31.666438,
386.9902648925781,5,2019-12-13 05:22:31.792656,
404.4499816894531,5,2019-12-13 05:22:31.923705,
405.1022644042969,5,2019-12-13 05:22:32.051509,
398.4705505371094,5,2019-12-13 05:22:32.179022,
391.92034912109375,5,2019-12-13 05:22:32.308890,
417.9898986816406,5,2019-12-13 05:22:32.441388,
424.9960021972656,5,2019-12-13 05:22:32.564771,
441.1230773925781,5,2019-12-13 05:22:32.686185,
374.8932800292969,5,2019-12-13 05:22:32.801724,-10459.734375
396.6611328125,6,2019-12-13 05:22:32.930398,
403.9978332519531,6,2019-12-13 05:22:33.053030,
398.30291748046875,6,2019-12-13 05:22:33.176025,
389.0801696777344,6,2019-12-13 05:22:33.300257,
376.3866271972656,6,2019-12-13 05:22:33.425165,
387.8783264160156,6,2019-12-13 05:22:33.553304,
396.158203125,6,2019-12-13 05:22:33.678917,
405.5137939453125,6,2019-12-13 05:22:33.805364,
430.4981384277344,6,2019-12-13 05:22:33.932287,-10492.0927734375
390.2703552246094,6,2019-12-13 05:22:34.059077,
388.6329040527344,6,2019-12-13 05:22:34.192480,
407.6658020019531,6,2019-12-13 05:22:34.319863,
398.76470947265625,6,2019-12-13 05:22:34.446955,
403.7938537597656,6,2019-12-13 05:22:34.572181,
411.89373779296875,6,2019-12-13 05:22:34.696502,
424.7710266113281,6,2019-12-13 05:22:34.826289,
391.3686828613281,6,2019-12-13 05:22:34.952091,
384.26702880859375,6,2019-12-13 05:22:35.076904,
401.611572265625,6,2019-12-13 05:22:35.197947,
400.43328857421875,6,2019-12-13 05:22:35.317997,-10517.78125
407.84307861328125,6,2019-12-13 05:22:35.442791,
378.8823547363281,6,2019-12-13 05:22:35.568058,
468.9421691894531,6,2019-12-13 05:22:35.697592,
460.8901062011719,6,2019-12-13 05:22:35.825449,
412.0699157714844,6,2019-12-13 05:22:35.948153,
403.8318176269531,6,2019-12-13 05:22:36.072806,
383.60064697265625,6,2019-12-13 05:22:36.199086,
442.18682861328125,6,2019-12-13 05:22:36.325248,
429.08197021484375,6,2019-12-13 05:22:36.451453,
412.9644775390625,6,2019-12-13 05:22:36.578821,
425.34783935546875,6,2019-12-13 05:22:36.711342,-10545.419921875
399.2996826171875,6,2019-12-13 05:22:36.835607,
413.32830810546875,6,2019-12-13 05:22:36.962332,
384.7913513183594,6,2019-12-13 05:22:37.088319,
401.3378601074219,6,2019-12-13 05:22:37.213537,
408.667724609375,6,2019-12-13 05:22:37.342305,
407.8324890136719,6,2019-12-13 05:22:37.460690,
436.6814880371094,6,2019-12-13 05:22:37.577235,
411.67572021484375,6,2019-12-13 05:22:37.704823,
391.91339111328125,6,2019-12-13 05:22:37.829110,
410.1727600097656,6,2019-12-13 05:22:37.962086,
385.0693359375,6,2019-12-13 05:22:38.088635,-10560.8369140625
385.9618835449219,6,2019-12-13 05:22:38.211075,
396.154296875,6,2019-12-13 05:22:38.337554,
423.8374938964844,6,2019-12-13 05:22:38.466447,
437.921875,6,2019-12-13 05:22:38.592590,
407.92388916015625,6,2019-12-13 05:22:38.717586,
435.52789306640625,6,2019-12-13 05:22:38.846024,
423.1355895996094,6,2019-12-13 05:22:38.971783,
418.9795227050781,6,2019-12-13 05:22:39.089713,
391.519775390625,6,2019-12-13 05:22:39.219518,
412.58636474609375,6,2019-12-13 05:22:39.346769,
424.1451110839844,6,2019-12-13 05:22:39.475937,-10518.7431640625
395.56671142578125,6,2019-12-13 05:22:39.600354,
397.758544921875,6,2019-12-13 05:22:39.725090,
386.0262451171875,6,2019-12-13 05:22:39.849154,
431.02191162109375,6,2019-12-13 05:22:39.974186,
384.3416442871094,6,2019-12-13 05:22:40.099659,
382.6061096191406,6,2019-12-13 05:22:40.224598,
431.2232971191406,6,2019-12-13 05:22:40.348651,
386.87530517578125,6,2019-12-13 05:22:40.474084,
396.7281494140625,6,2019-12-13 05:22:40.600038,
415.6816101074219,6,2019-12-13 05:22:40.721173,
406.285400390625,6,2019-12-13 05:22:40.842059,-10574.0654296875
404.7510986328125,6,2019-12-13 05:22:40.958134,
395.1915283203125,6,2019-12-13 05:22:41.073038,
407.2025146484375,6,2019-12-13 05:22:41.196586,
398.7762145996094,6,2019-12-13 05:22:41.319066,
412.25604248046875,6,2019-12-13 05:22:41.438384,
425.4720153808594,6,2019-12-13 05:22:41.555266,
407.5298767089844,6,2019-12-13 05:22:41.684450,
434.9058532714844,6,2019-12-13 05:22:41.809781,
417.2450256347656,6,2019-12-13 05:22:41.940397,
383.6982116699219,6,2019-12-13 05:22:42.064068,
426.591552734375,6,2019-12-13 05:22:42.198173,-10545.779296875
400.9925537109375,6,2019-12-13 05:22:42.336950,
404.15216064453125,6,2019-12-13 05:22:42.462671,
412.271728515625,6,2019-12-13 05:22:42.637667,
397.97613525390625,6,2019-12-13 05:22:42.817918,
394.86993408203125,6,2019-12-13 05:22:42.975201,
408.2515869140625,6,2019-12-13 05:22:43.155373,
378.6165771484375,6,2019-12-13 05:22:43.313095,
398.6361999511719,6,2019-12-13 05:22:43.477622,
407.22296142578125,6,2019-12-13 05:22:43.628836,
387.35833740234375,6,2019-12-13 05:22:43.797315,
388.6348571777344,6,2019-12-13 05:22:43.951282,-10556.49609375
401.1014709472656,6,2019-12-13 05:22:44.101888,
394.6826171875,6,2019-12-13 05:22:44.231157,
404.71405029296875,6,2019-12-13 05:22:44.420423,
393.7337646484375,6,2019-12-13 05:22:44.598049,
419.444580078125,6,2019-12-13 05:22:44.770188,
433.81072998046875,6,2019-12-13 05:22:44.929356,
455.4432067871094,6,2019-12-13 05:22:45.120751,
384.1341857910156,6,2019-12-13 05:22:45.372856,
407.5003967285156,7,2019-12-13 05:22:45.563048,-10563.625
409.8666076660156,7,2019-12-13 05:22:45.700670,
408.4479675292969,7,2019-12-13 05:22:45.850353,
398.8937683105469,7,2019-12-13 05:22:46.052817,
381.181640625,7,2019-12-13 05:22:46.211390,
390.3067626953125,7,2019-12-13 05:22:46.383210,
399.27325439453125,7,2019-12-13 05:22:46.579457,
419.75311279296875,7,2019-12-13 05:22:46.716038,
439.7437744140625,7,2019-12-13 05:22:46.849773,
405.0413818359375,7,2019-12-13 05:22:46.975633,
397.913330078125,7,2019-12-13 05:22:47.107164,
415.7656555175781,7,2019-12-13 05:22:47.236585,-10595.001953125
396.9343566894531,7,2019-12-13 05:22:47.360432,
404.3548889160156,7,2019-12-13 05:22:47.477205,
417.239501953125,7,2019-12-13 05:22:47.606334,
429.9794616699219,7,2019-12-13 05:22:47.730668,
398.73431396484375,7,2019-12-13 05:22:47.856927,
391.5037536621094,7,2019-12-13 05:22:47.982721,
406.72662353515625,7,2019-12-13 05:22:48.110280,
412.314453125,7,2019-12-13 05:22:48.237037,
422.7957763671875,7,2019-12-13 05:22:48.372592,
388.7075500488281,7,2019-12-13 05:22:48.501259,
469.5452575683594,7,2019-12-13 05:22:48.626150,-10571.8583984375
457.8531188964844,7,2019-12-13 05:22:48.748170,
410.6377868652344,7,2019-12-13 05:22:48.873371,
407.03765869140625,7,2019-12-13 05:22:48.999392,
380.43133544921875,7,2019-12-13 05:22:49.123936,
448.8609619140625,7,2019-12-13 05:22:49.241731,
430.66815185546875,7,2019-12-13 05:22:49.365542,
421.13671875,7,2019-12-13 05:22:49.493358,
433.29486083984375,7,2019-12-13 05:22:49.630696,
407.1336669921875,7,2019-12-13 05:22:49.759029,
423.67779541015625,7,2019-12-13 05:22:49.888152,
392.4506530761719,7,2019-12-13 05:22:50.015059,-10566.6708984375
397.35455322265625,7,2019-12-13 05:22:50.138007,
418.37445068359375,7,2019-12-13 05:22:50.258932,
406.9945373535156,7,2019-12-13 05:22:50.388968,
441.8157653808594,7,2019-12-13 05:22:50.512534,
414.88446044921875,7,2019-12-13 05:22:50.638590,
399.6001892089844,7,2019-12-13 05:22:50.764862,
420.5351257324219,7,2019-12-13 05:22:50.896600,
398.8523254394531,7,2019-12-13 05:22:51.023283,
401.167724609375,7,2019-12-13 05:22:51.148492,
409.82427978515625,7,2019-12-13 05:22:51.267208,
426.6267395019531,7,2019-12-13 05:22:51.399237,-10641.181640625
432.3200988769531,7,2019-12-13 05:22:51.525941,
400.0617370605469,7,2019-12-13 05:22:51.657785,
427.3788146972656,7,2019-12-13 05:22:51.787364,
420.9490661621094,7,2019-12-13 05:22:51.918411,
417.4971008300781,7,2019-12-13 05:22:52.048584,
389.8708801269531,7,2019-12-13 05:22:52.185859,
420.33001708984375,7,2019-12-13 05:22:52.315765,
437.38427734375,7,2019-12-13 05:22:52.445600,
407.5085144042969,7,2019-12-13 05:22:52.575747,
407.0837097167969,7,2019-12-13 05:22:52.707528,
383.0240173339844,7,2019-12-13 05:22:52.841549,-10606.2890625
429.6151123046875,7,2019-12-13 05:22:52.971602,
387.183837890625,7,2019-12-13 05:22:53.105430,
375.7808532714844,7,2019-12-13 05:22:53.237341,
429.9795227050781,7,2019-12-13 05:22:53.368078,
392.5993347167969,7,2019-12-13 05:22:53.507954,
398.6763000488281,7,2019-12-13 05:22:53.640763,
422.2348937988281,7,2019-12-13 05:22:53.772952,
415.5462951660156,7,2019-12-13 05:22:53.906423,
414.0523986816406,7,2019-12-13 05:22:54.040037,
405.75775146484375,7,2019-12-13 05:22:54.173152,
408.667236328125,7,2019-12-13 05:22:54.306147,-10625.310546875
398.7983703613281,7,2019-12-13 05:22:54.436143,
414.2915954589844,7,2019-12-13 05:22:54.567833,
427.0563659667969,7,2019-12-13 05:22:54.698603,
406.6658020019531,7,2019-12-13 05:22:54.835306,
438.782470703125,7,2019-12-13 05:22:54.965006,
420.9792785644531,7,2019-12-13 05:22:55.091413,
388.21783447265625,7,2019-12-13 05:22:55.216158,
437.66070556640625,7,2019-12-13 05:22:55.342775,
410.6012268066406,7,2019-12-13 05:22:55.469680,
414.396728515625,7,2019-12-13 05:22:55.596670,
413.2359313964844,7,2019-12-13 05:22:55.721900,-10602.2119140625
396.6345520019531,7,2019-12-13 05:22:55.847010,
397.1539611816406,7,2019-12-13 05:22:55.972982,
408.0928649902344,7,2019-12-13 05:22:56.106492,
379.5320739746094,7,2019-12-13 05:22:56.232748,
399.4792175292969,7,2019-12-13 05:22:56.364123,
414.654541015625,7,2019-12-13 05:22:56.490123,
390.46697998046875,7,2019-12-13 05:22:56.610839,
404.9997863769531,7,2019-12-13 05:22:56.736212,
415.5796813964844,7,2019-12-13 05:22:56.863202,
411.9235534667969,7,2019-12-13 05:22:56.989257,
408.537353515625,7,2019-12-13 05:22:57.113704,-10602.4375
391.6449890136719,7,2019-12-13 05:22:57.235499,
418.30517578125,7,2019-12-13 05:22:57.367575,
433.4391784667969,7,2019-12-13 05:22:57.492269,
455.2013854980469,7,2019-12-13 05:22:57.611245,
384.4135437011719,7,2019-12-13 05:22:57.735692,
415.4382629394531,8,2019-12-13 05:22:57.867815,
413.8802185058594,8,2019-12-13 05:22:57.993388,
409.1380310058594,8,2019-12-13 05:22:58.119027,
395.8377685546875,8,2019-12-13 05:22:58.244087,-10597.318359375
376.8657531738281,8,2019-12-13 05:22:58.369513,
388.4676208496094,8,2019-12-13 05:22:58.495813,
398.0860595703125,8,2019-12-13 05:22:58.623327,
418.3905944824219,8,2019-12-13 05:22:58.749132,
437.8876647949219,8,2019-12-13 05:22:58.884762,
404.1583251953125,8,2019-12-13 05:22:59.015327,
402.9765930175781,8,2019-12-13 05:22:59.149732,
422.8781433105469,8,2019-12-13 05:22:59.275924,
405.4534606933594,8,2019-12-13 05:22:59.400394,
407.22491455078125,8,2019-12-13 05:22:59.527575,
413.11541748046875,8,2019-12-13 05:22:59.656144,-10615.982421875
424.123046875,8,2019-12-13 05:22:59.780032,
393.5766296386719,8,2019-12-13 05:22:59.910897,
389.0639953613281,8,2019-12-13 05:23:00.038793,
407.69073486328125,8,2019-12-13 05:23:00.163837,
416.2352294921875,8,2019-12-13 05:23:00.289580,
420.91021728515625,8,2019-12-13 05:23:00.416555,
392.7135925292969,8,2019-12-13 05:23:00.542804,
479.15325927734375,8,2019-12-13 05:23:00.669471,
466.32733154296875,8,2019-12-13 05:23:00.795360,
419.5962829589844,8,2019-12-13 05:23:00.923873,
405.5657653808594,8,2019-12-13 05:23:01.048633,-10639.185546875
377.5301208496094,8,2019-12-13 05:23:01.174419,
436.6601257324219,8,2019-12-13 05:23:01.300479,
423.5948181152344,8,2019-12-13 05:23:01.425421,
414.9659423828125,8,2019-12-13 05:23:01.548776,
424.24591064453125,8,2019-12-13 05:23:01.682070,
407.4115905761719,8,2019-12-13 05:23:01.805166,
432.0029296875,8,2019-12-13 05:23:01.933767,
406.09429931640625,8,2019-12-13 05:23:02.058908,
416.4801330566406,8,2019-12-13 05:23:02.182790,
425.6952209472656,8,2019-12-13 05:23:02.308475,
417.694091796875,8,2019-12-13 05:23:02.432759,-10640.91015625
433.040771484375,8,2019-12-13 05:23:02.557644,
410.7914123535156,8,2019-12-13 05:23:02.681007,
395.8009033203125,8,2019-12-13 05:23:02.804167,
424.4155578613281,8,2019-12-13 05:23:02.939823,
403.962158203125,8,2019-12-13 05:23:03.066345,
404.0098876953125,8,2019-12-13 05:23:03.189494,
410.03369140625,8,2019-12-13 05:23:03.314236,
429.1122741699219,8,2019-12-13 05:23:03.438293,
436.24188232421875,8,2019-12-13 05:23:03.563828,
403.5329284667969,8,2019-12-13 05:23:03.689632,
420.34033203125,8,2019-12-13 05:23:03.815525,-10631.0810546875
416.564697265625,8,2019-12-13 05:23:03.937772,
413.1497802734375,8,2019-12-13 05:23:04.063744,
390.7521057128906,8,2019-12-13 05:23:04.194536,
421.59796142578125,8,2019-12-13 05:23:04.318849,
437.2312316894531,8,2019-12-13 05:23:04.443010,
412.1474304199219,8,2019-12-13 05:23:04.568269,
410.2695007324219,8,2019-12-13 05:23:04.694517,
392.32806396484375,8,2019-12-13 05:23:04.822205,
438.63470458984375,8,2019-12-13 05:23:04.949878,
392.8650817871094,8,2019-12-13 05:23:05.077220,
378.0063781738281,8,2019-12-13 05:23:05.203328,-10608.744140625
429.4429626464844,8,2019-12-13 05:23:05.328535,
390.3233337402344,8,2019-12-13 05:23:05.460426,
395.76849365234375,8,2019-12-13 05:23:05.586305,
416.9331970214844,8,2019-12-13 05:23:05.710057,
413.70184326171875,8,2019-12-13 05:23:05.837377,
418.37335205078125,8,2019-12-13 05:23:05.963616,
412.4830017089844,8,2019-12-13 05:23:06.091036,
423.22576904296875,8,2019-12-13 05:23:06.216188,
406.694580078125,8,2019-12-13 05:23:06.343803,
416.7127685546875,8,2019-12-13 05:23:06.468133,
419.5191345214844,8,2019-12-13 05:23:06.593605,-10609.48046875
401.5841979980469,8,2019-12-13 05:23:06.724616,
435.0413513183594,8,2019-12-13 05:23:06.850821,
417.2505187988281,8,2019-12-13 05:23:06.976099,
385.279296875,8,2019-12-13 05:23:07.102319,
437.5257873535156,8,2019-12-13 05:23:07.228359,
413.613037109375,8,2019-12-13 05:23:07.356236,
419.71173095703125,8,2019-12-13 05:23:07.482239,
421.4860534667969,8,2019-12-13 05:23:07.609690,
406.9458312988281,8,2019-12-13 05:23:07.736241,
402.28216552734375,8,2019-12-13 05:23:07.862950,
402.4105529785156,8,2019-12-13 05:23:07.996564,-10634.2578125
374.9271240234375,8,2019-12-13 05:23:08.120090,
397.0945739746094,8,2019-12-13 05:23:08.243672,
409.5710754394531,8,2019-12-13 05:23:08.368607,
387.2263488769531,8,2019-12-13 05:23:08.492989,
408.3485107421875,8,2019-12-13 05:23:08.619921,
418.4864501953125,8,2019-12-13 05:23:08.746045,
415.26788330078125,8,2019-12-13 05:23:08.872255,
415.9978332519531,8,2019-12-13 05:23:08.997124,
400.537353515625,8,2019-12-13 05:23:09.116507,
423.01837158203125,8,2019-12-13 05:23:09.247468,
431.35546875,8,2019-12-13 05:23:09.372482,-10651.1328125
451.1756896972656,8,2019-12-13 05:23:09.495844,
382.1115417480469,8,2019-12-13 05:23:09.620414,
415.7857666015625,9,2019-12-13 05:23:09.749442,
416.6262512207031,9,2019-12-13 05:23:09.873492,
413.3460998535156,9,2019-12-13 05:23:09.998718,
407.75634765625,9,2019-12-13 05:23:10.125836,
388.8650817871094,9,2019-12-13 05:23:10.249923,
394.7273864746094,9,2019-12-13 05:23:10.375963,
394.84478759765625,9,2019-12-13 05:23:10.503923,-10633.26171875
411.92889404296875,9,2019-12-13 05:23:10.630643,
434.1458740234375,9,2019-12-13 05:23:10.757384,
401.3370056152344,9,2019-12-13 05:23:10.884250,
395.10699462890625,9,2019-12-13 05:23:11.017192,
416.39483642578125,9,2019-12-13 05:23:11.144031,
403.54522705078125,9,2019-12-13 05:23:11.270366,
409.1978454589844,9,2019-12-13 05:23:11.397847,
417.3057861328125,9,2019-12-13 05:23:11.523224,
428.2804260253906,9,2019-12-13 05:23:11.647686,
397.2164001464844,9,2019-12-13 05:23:11.770918,
383.35638427734375,9,2019-12-13 05:23:11.897157,-10625.6435546875
404.5806579589844,9,2019-12-13 05:23:12.021491,
407.5862121582031,9,2019-12-13 05:23:12.148257,
422.3829345703125,9,2019-12-13 05:23:12.281978,
387.871826171875,9,2019-12-13 05:23:12.409087,
474.1459655761719,9,2019-12-13 05:23:12.535288,
464.9162902832031,9,2019-12-13 05:23:12.662243,
417.3125,9,2019-12-13 05:23:12.786920,
418.3094177246094,9,2019-12-13 05:23:12.914271,
387.5141906738281,9,2019-12-13 05:23:13.040692,
445.39837646484375,9,2019-12-13 05:23:13.164982,
423.4293212890625,9,2019-12-13 05:23:13.287767,-10630.28125
404.661376953125,9,2019-12-13 05:23:13.411206,
415.85150146484375,9,2019-12-13 05:23:13.543214,
395.85931396484375,9,2019-12-13 05:23:13.669643,
422.7048645019531,9,2019-12-13 05:23:13.795866,
402.02374267578125,9,2019-12-13 05:23:13.923534,
408.1064453125,9,2019-12-13 05:23:14.050132,
420.6803894042969,9,2019-12-13 05:23:14.178070,
418.6160583496094,9,2019-12-13 05:23:14.301225,
441.2604675292969,9,2019-12-13 05:23:14.426073,
417.4132385253906,9,2019-12-13 05:23:14.550457,
396.38092041015625,9,2019-12-13 05:23:14.679887,-10669.8125
419.34466552734375,9,2019-12-13 05:23:14.811425,
400.27044677734375,9,2019-12-13 05:23:14.937732,
400.7712707519531,9,2019-12-13 05:23:15.063794,
408.2083740234375,9,2019-12-13 05:23:15.189398,
422.9769287109375,9,2019-12-13 05:23:15.312802,
433.8667297363281,9,2019-12-13 05:23:15.436895,
402.0443115234375,9,2019-12-13 05:23:15.560300,
432.6059265136719,9,2019-12-13 05:23:15.685564,
423.8871154785156,9,2019-12-13 05:23:15.809032,
415.0641784667969,9,2019-12-13 05:23:15.935535,
390.6973876953125,9,2019-12-13 05:23:16.069817,-10642.123046875
411.58990478515625,9,2019-12-13 05:23:16.197672,
436.6192626953125,9,2019-12-13 05:23:16.324043,
409.45257568359375,9,2019-12-13 05:23:16.454102,
409.35748291015625,9,2019-12-13 05:23:16.584070,
393.1106262207031,9,2019-12-13 05:23:16.712161,
431.40936279296875,9,2019-12-13 05:23:16.843174,
393.86920166015625,9,2019-12-13 05:23:16.977048,
381.1410827636719,9,2019-12-13 05:23:17.109651,
438.75384521484375,9,2019-12-13 05:23:17.242395,
396.41680908203125,9,2019-12-13 05:23:17.388947,
395.5564880371094,9,2019-12-13 05:23:17.525113,-10647.35546875
417.2774353027344,9,2019-12-13 05:23:17.658800,
410.2816467285156,9,2019-12-13 05:23:17.795193,
413.4717102050781,9,2019-12-13 05:23:17.934683,
404.95562744140625,9,2019-12-13 05:23:18.065250,
417.2295837402344,9,2019-12-13 05:23:18.196045,
403.58929443359375,9,2019-12-13 05:23:18.325256,
414.7286071777344,9,2019-12-13 05:23:18.456309,
427.1856994628906,9,2019-12-13 05:23:18.584368,
408.2110595703125,9,2019-12-13 05:23:18.719263,
438.58038330078125,9,2019-12-13 05:23:18.845310,
414.1355895996094,9,2019-12-13 05:23:18.971700,-10628.095703125
381.7826232910156,9,2019-12-13 05:23:19.097599,
427.8582458496094,9,2019-12-13 05:23:19.217333,
410.1911315917969,9,2019-12-13 05:23:19.338985,
415.5505065917969,9,2019-12-13 05:23:19.465252,
418.4290466308594,9,2019-12-13 05:23:19.590298,
408.3947448730469,9,2019-12-13 05:23:19.714755,
406.5428161621094,9,2019-12-13 05:23:19.841819,
410.3257751464844,9,2019-12-13 05:23:19.975572,
383.302734375,9,2019-12-13 05:23:20.100643,
400.6544494628906,9,2019-12-13 05:23:20.224868,
402.3416442871094,9,2019-12-13 05:23:20.352432,-10650.537109375
381.8321838378906,9,2019-12-13 05:23:20.477674,
399.9841003417969,9,2019-12-13 05:23:20.600174,
415.8797302246094,9,2019-12-13 05:23:20.713637,
412.0013427734375,9,2019-12-13 05:23:20.828687,
415.4179382324219,9,2019-12-13 05:23:20.951154,
401.12408447265625,9,2019-12-13 05:23:21.069341,
424.68060302734375,9,2019-12-13 05:23:21.201657,
437.3977355957031,9,2019-12-13 05:23:21.328399,
460.399658203125,9,2019-12-13 05:23:21.459661,
382.1791687011719,9,2019-12-13 05:23:21.588831,
406.65771484375,10,2019-12-13 05:23:21.719305,
408.9643859863281,10,2019-12-13 05:23:21.842875,
411.1766052246094,10,2019-12-13 05:23:21.966507,
404.9516906738281,10,2019-12-13 05:23:22.090902,
390.6568298339844,10,2019-12-13 05:23:22.215387,
394.9346618652344,10,2019-12-13 05:23:22.337500,
404.2314147949219,10,2019-12-13 05:23:22.456434,
424.3016662597656,10,2019-12-13 05:23:22.574282,
442.33905029296875,10,2019-12-13 05:23:22.698893,
402.5757751464844,10,2019-12-13 05:23:22.828286,-10630.3095703125
393.8474426269531,10,2019-12-13 05:23:22.960880,
414.26690673828125,10,2019-12-13 05:23:23.084509,
402.4880065917969,10,2019-12-13 05:23:23.203284,
405.53570556640625,10,2019-12-13 05:23:23.325928,
415.0333251953125,10,2019-12-13 05:23:23.445454,
424.05255126953125,10,2019-12-13 05:23:23.563556,
407.0829162597656,10,2019-12-13 05:23:23.693641,
393.8122863769531,10,2019-12-13 05:23:23.822852,
411.2647399902344,10,2019-12-13 05:23:23.948476,
411.3940124511719,10,2019-12-13 05:23:24.067066,
415.15362548828125,10,2019-12-13 05:23:24.207969,-10624.083984375
382.6236572265625,10,2019-12-13 05:23:24.333226,
468.4978332519531,10,2019-12-13 05:23:24.460159,
458.1583251953125,10,2019-12-13 05:23:24.578558,
415.04144287109375,10,2019-12-13 05:23:24.709519,
412.18121337890625,10,2019-12-13 05:23:24.836507,
389.9915466308594,10,2019-12-13 05:23:24.964849,
446.0824890136719,10,2019-12-13 05:23:25.095305,
426.7939453125,10,2019-12-13 05:23:25.227058,
415.3789978027344,10,2019-12-13 05:23:25.355897,
422.6720275878906,10,2019-12-13 05:23:25.495199,
399.3506164550781,10,2019-12-13 05:23:25.624655,-10625.74609375
420.4685974121094,10,2019-12-13 05:23:25.750439,
396.091796875,10,2019-12-13 05:23:25.882004,
410.2604675292969,10,2019-12-13 05:23:26.010070,
420.330078125,10,2019-12-13 05:23:26.139164,
418.9349060058594,10,2019-12-13 05:23:26.269963,
437.4586181640625,10,2019-12-13 05:23:26.400227,
417.054443359375,10,2019-12-13 05:23:26.527965,
399.3123474121094,10,2019-12-13 05:23:26.651222,
422.196044921875,10,2019-12-13 05:23:26.781791,
398.52264404296875,10,2019-12-13 05:23:26.903506,
392.69036865234375,10,2019-12-13 05:23:27.031288,-10648.4169921875
397.735595703125,10,2019-12-13 05:23:27.158111,
417.9543151855469,10,2019-12-13 05:23:27.284273,
428.31158447265625,10,2019-12-13 05:23:27.411230,
401.7069396972656,10,2019-12-13 05:23:27.532518,
427.51861572265625,10,2019-12-13 05:23:27.649604,
423.4543762207031,10,2019-12-13 05:23:27.770479,
418.5699462890625,10,2019-12-13 05:23:27.886107,
398.70526123046875,10,2019-12-13 05:23:28.014332,
423.79559326171875,10,2019-12-13 05:23:28.130109,
439.27142333984375,10,2019-12-13 05:23:28.248774,
400.8281555175781,10,2019-12-13 05:23:28.368492,-10651.8876953125
399.896240234375,10,2019-12-13 05:23:28.492746,
393.40850830078125,10,2019-12-13 05:23:28.623613,
432.32489013671875,10,2019-12-13 05:23:28.755196,
389.4287109375,10,2019-12-13 05:23:28.883315,
383.2619323730469,10,2019-12-13 05:23:29.013854,
434.0914611816406,10,2019-12-13 05:23:29.145178,
391.7185974121094,10,2019-12-13 05:23:29.281421,
403.6407165527344,10,2019-12-13 05:23:29.412214,
424.44677734375,10,2019-12-13 05:23:29.540878,
417.9275207519531,10,2019-12-13 05:23:29.671356,
408.7375183105469,10,2019-12-13 05:23:29.798862,-10657.69921875
398.7778625488281,10,2019-12-13 05:23:29.924708,
406.5592041015625,10,2019-12-13 05:23:30.045768,
393.96270751953125,10,2019-12-13 05:23:30.163600,
416.4089660644531,10,2019-12-13 05:23:30.291085,
429.1763916015625,10,2019-12-13 05:23:30.420896,
407.66717529296875,10,2019-12-13 05:23:30.555543,
438.0528564453125,10,2019-12-13 05:23:30.690863,
419.8426818847656,10,2019-12-13 05:23:30.819849,
389.4409484863281,10,2019-12-13 05:23:30.948207,
439.9470520019531,10,2019-12-13 05:23:31.080149,
404.37701416015625,10,2019-12-13 05:23:31.209773,-10641.2880859375
406.7720642089844,10,2019-12-13 05:23:31.333338,
413.3134765625,10,2019-12-13 05:23:31.460755,
406.5218811035156,10,2019-12-13 05:23:31.590359,
401.1299743652344,10,2019-12-13 05:23:31.716274,
408.9075012207031,10,2019-12-13 05:23:31.854244,
382.44342041015625,10,2019-12-13 05:23:31.981628,
404.5756530761719,10,2019-12-13 05:23:32.104489,
409.734619140625,10,2019-12-13 05:23:32.237139,
390.9075622558594,10,2019-12-13 05:23:32.368631,
400.8243713378906,10,2019-12-13 05:23:32.499602,
407.06353759765625,10,2019-12-13 05:23:32.629991,-10622.9208984375
397.2317810058594,10,2019-12-13 05:23:32.757094,
412.64007568359375,10,2019-12-13 05:23:32.887797,
395.3226318359375,10,2019-12-13 05:23:33.015504,
415.8155517578125,10,2019-12-13 05:23:33.152520,
431.0180358886719,10,2019-12-13 05:23:33.279004,
458.0863952636719,10,2019-12-13 05:23:33.399562,
385.6061096191406,10,2019-12-13 05:23:33.529816,
417.9107971191406,11,2019-12-13 05:23:33.663552,
415.84832763671875,11,2019-12-13 05:23:33.793189,-10673.224609375
412.1221923828125,11,2019-12-13 05:23:33.914257,
400.58819580078125,11,2019-12-13 05:23:34.035499,
380.0972595214844,11,2019-12-13 05:23:34.161501,
391.4847412109375,11,2019-12-13 05:23:34.290342,
399.35736083984375,11,2019-12-13 05:23:34.416371,
413.21832275390625,11,2019-12-13 05:23:34.546656,
439.69171142578125,11,2019-12-13 05:23:34.677739,
410.1401672363281,11,2019-12-13 05:23:34.810806,
403.656494140625,11,2019-12-13 05:23:34.959004,
418.1360778808594,11,2019-12-13 05:23:35.089734,
406.5791015625,11,2019-12-13 05:23:35.232282,-10695.43359375
405.58148193359375,11,2019-12-13 05:23:35.410119,
413.4419250488281,11,2019-12-13 05:23:35.611706,
424.4974060058594,11,2019-12-13 05:23:35.859142,
391.44061279296875,11,2019-12-13 05:23:36.021944,
388.5262756347656,11,2019-12-13 05:23:36.189463,
410.0962829589844,11,2019-12-13 05:23:36.369904,
414.91522216796875,11,2019-12-13 05:23:36.555793,
420.55413818359375,11,2019-12-13 05:23:36.740075,
395.7757568359375,11,2019-12-13 05:23:36.905875,
480.4934997558594,11,2019-12-13 05:23:37.037743,
460.3411560058594,11,2019-12-13 05:23:37.229734,-10647.7177734375
409.59490966796875,11,2019-12-13 05:23:37.385632,
410.7237548828125,11,2019-12-13 05:23:37.524066,
387.477783203125,11,2019-12-13 05:23:37.652042,
434.600341796875,11,2019-12-13 05:23:37.775808,
422.6966247558594,11,2019-12-13 05:23:37.893989,
417.9733581542969,11,2019-12-13 05:23:38.015052,
424.1420593261719,11,2019-12-13 05:23:38.139187,
410.2100830078125,11,2019-12-13 05:23:38.260519,
427.29022216796875,11,2019-12-13 05:23:38.379758,
400.24041748046875,11,2019-12-13 05:23:38.504298,
408.0771179199219,11,2019-12-13 05:23:38.622308,-10656.75390625
413.2647705078125,11,2019-12-13 05:23:38.741289,
409.8249816894531,11,2019-12-13 05:23:38.860863,
432.0204772949219,11,2019-12-13 05:23:38.986209,
412.37164306640625,11,2019-12-13 05:23:39.108568,
394.7595520019531,11,2019-12-13 05:23:39.231148,
421.7361145019531,11,2019-12-13 05:23:39.356855,
401.48187255859375,11,2019-12-13 05:23:39.481652,
401.8943176269531,11,2019-12-13 05:23:39.607164,
407.91802978515625,11,2019-12-13 05:23:39.736786,
421.6767578125,11,2019-12-13 05:23:39.865415,
428.71612548828125,11,2019-12-13 05:23:39.989502,-10638.0078125
398.6378173828125,11,2019-12-13 05:23:40.113158,
424.8051452636719,11,2019-12-13 05:23:40.237833,
420.5749206542969,11,2019-12-13 05:23:40.361535,
417.9030456542969,11,2019-12-13 05:23:40.487197,
397.7892150878906,11,2019-12-13 05:23:40.620564,
422.84954833984375,11,2019-12-13 05:23:40.752594,
440.998291015625,11,2019-12-13 05:23:40.881533,
411.31036376953125,11,2019-12-13 05:23:41.010848,
409.1539306640625,11,2019-12-13 05:23:41.144239,
397.30828857421875,11,2019-12-13 05:23:41.278142,
433.726806640625,11,2019-12-13 05:23:41.408003,-10642.9013671875
388.4200134277344,11,2019-12-13 05:23:41.535308,
383.7088317871094,11,2019-12-13 05:23:41.689226,
432.4820556640625,11,2019-12-13 05:23:41.853981,
390.36737060546875,11,2019-12-13 05:23:42.004889,
398.85009765625,11,2019-12-13 05:23:42.146287,
422.7849426269531,11,2019-12-13 05:23:42.326522,
417.35919189453125,11,2019-12-13 05:23:42.523452,
406.4935302734375,11,2019-12-13 05:23:42.669213,
408.3190002441406,11,2019-12-13 05:23:42.850412,
412.95745849609375,11,2019-12-13 05:23:43.015847,
397.1268615722656,11,2019-12-13 05:23:43.160936,-10642.453125
410.6024169921875,11,2019-12-13 05:23:43.337409,
421.5871887207031,11,2019-12-13 05:23:43.523576,
397.83935546875,11,2019-12-13 05:23:43.729966,
432.90155029296875,11,2019-12-13 05:23:43.863096,
419.1714782714844,11,2019-12-13 05:23:43.993036,
394.841796875,11,2019-12-13 05:23:44.114934,
435.45416259765625,11,2019-12-13 05:23:44.245717,
400.7301330566406,11,2019-12-13 05:23:44.374487,
414.20721435546875,11,2019-12-13 05:23:44.501335,
417.3110656738281,11,2019-12-13 05:23:44.629139,
412.7077331542969,11,2019-12-13 05:23:44.756500,-10624.619140625
403.620361328125,11,2019-12-13 05:23:44.884983,
402.51654052734375,11,2019-12-13 05:23:45.019225,
377.2966003417969,11,2019-12-13 05:23:45.146242,
398.85205078125,11,2019-12-13 05:23:45.269283,
406.5812072753906,11,2019-12-13 05:23:45.401420,
394.26953125,11,2019-12-13 05:23:45.529715,
415.7363586425781,11,2019-12-13 05:23:45.658309,
423.5420837402344,11,2019-12-13 05:23:45.784446,
411.4368896484375,11,2019-12-13 05:23:45.912054,
412.7835693359375,11,2019-12-13 05:23:46.039552,
392.70196533203125,11,2019-12-13 05:23:46.161875,-10623.169921875
411.9422912597656,11,2019-12-13 05:23:46.291831,
422.39715576171875,11,2019-12-13 05:23:46.411649,
449.26904296875,11,2019-12-13 05:23:46.543261,
378.78778076171875,11,2019-12-13 05:23:46.676855,
411.1278991699219,12,2019-12-13 05:23:46.826184,
414.51776123046875,12,2019-12-13 05:23:46.956487,
426.3834533691406,12,2019-12-13 05:23:47.098888,
409.3100891113281,12,2019-12-13 05:23:47.232263,
381.1550598144531,12,2019-12-13 05:23:47.360723,-10665.626953125
386.04119873046875,12,2019-12-13 05:23:47.498414,
393.425537109375,12,2019-12-13 05:23:47.627875,
413.87396240234375,12,2019-12-13 05:23:47.764408,
436.4130554199219,12,2019-12-13 05:23:47.917285,
407.469970703125,12,2019-12-13 05:23:48.047719,
402.22772216796875,12,2019-12-13 05:23:48.213205,
419.7676696777344,12,2019-12-13 05:23:48.350351,
412.52178955078125,12,2019-12-13 05:23:48.483624,
416.76104736328125,12,2019-12-13 05:23:48.617412,
419.50140380859375,12,2019-12-13 05:23:48.834911,
423.2973327636719,12,2019-12-13 05:23:49.004678,-10660.146484375
387.94537353515625,12,2019-12-13 05:23:49.233244,
387.0854187011719,12,2019-12-13 05:23:49.373367,
408.3141174316406,12,2019-12-13 05:23:49.537121,
410.7330017089844,12,2019-12-13 05:23:49.746595,
417.4598693847656,12,2019-12-13 05:23:49.915564,
391.6349182128906,12,2019-12-13 05:23:50.049490,
480.2966003417969,12,2019-12-13 05:23:50.243262,
468.2038879394531,12,2019-12-13 05:23:50.371956,
422.4673767089844,12,2019-12-13 05:23:50.498350,
410.98907470703125,12,2019-12-13 05:23:50.613285,
381.7826232910156,12,2019-12-13 05:23:50.735246,-10651.390625
431.2262268066406,12,2019-12-13 05:23:50.858771,
421.1657409667969,12,2019-12-13 05:23:50.983853,
410.60015869140625,12,2019-12-13 05:23:51.098378,
424.1933898925781,12,2019-12-13 05:23:51.225459,
406.0292053222656,12,2019-12-13 05:23:51.345233,
425.9446716308594,12,2019-12-13 05:23:51.468162,
402.5513610839844,12,2019-12-13 05:23:51.583871,
412.11651611328125,12,2019-12-13 05:23:51.701969,
423.5682678222656,12,2019-12-13 05:23:51.824781,
417.9462585449219,12,2019-12-13 05:23:51.948072,
430.6416015625,12,2019-12-13 05:23:52.074814,-10646.375
407.17889404296875,12,2019-12-13 05:23:52.200260,
392.3609924316406,12,2019-12-13 05:23:52.323877,
418.4877014160156,12,2019-12-13 05:23:52.456180,
397.66656494140625,12,2019-12-13 05:23:52.574775,
400.021728515625,12,2019-12-13 05:23:52.694601,
407.2234191894531,12,2019-12-13 05:23:52.816423,
428.05902099609375,12,2019-12-13 05:23:52.936913,
434.1453857421875,12,2019-12-13 05:23:53.055468,
405.4775390625,12,2019-12-13 05:23:53.171937,
426.6925354003906,12,2019-12-13 05:23:53.295678,
416.78509521484375,12,2019-12-13 05:23:53.415441,-10673.341796875
411.5954284667969,12,2019-12-13 05:23:53.540557,
388.3953857421875,12,2019-12-13 05:23:53.670781,
413.9506530761719,12,2019-12-13 05:23:53.796258,
428.72479248046875,12,2019-12-13 05:23:53.916906,
406.8326110839844,12,2019-12-13 05:23:54.039314,
408.0840759277344,12,2019-12-13 05:23:54.163527,
399.7823486328125,12,2019-12-13 05:23:54.291421,
435.117431640625,12,2019-12-13 05:23:54.411071,
389.35845947265625,12,2019-12-13 05:23:54.535138,
390.41241455078125,12,2019-12-13 05:23:54.654280,
433.8723449707031,12,2019-12-13 05:23:54.776113,-10680.68359375
389.70147705078125,12,2019-12-13 05:23:54.900524,
397.7536315917969,12,2019-12-13 05:23:55.020854,
416.0699768066406,12,2019-12-13 05:23:55.143097,
413.518798828125,12,2019-12-13 05:23:55.267771,
410.5301208496094,12,2019-12-13 05:23:55.385314,
407.9330139160156,12,2019-12-13 05:23:55.511184,
412.4739074707031,12,2019-12-13 05:23:55.627282,
401.0062255859375,12,2019-12-13 05:23:55.751960,
417.9081115722656,12,2019-12-13 05:23:55.877524,
429.5419006347656,12,2019-12-13 05:23:56.004892,
402.9236145019531,12,2019-12-13 05:23:56.144975,-10689.62890625
431.127197265625,12,2019-12-13 05:23:56.272098,
413.3626403808594,12,2019-12-13 05:23:56.392811,
381.0760498046875,12,2019-12-13 05:23:56.512498,
430.0915832519531,12,2019-12-13 05:23:56.633886,
404.7215576171875,12,2019-12-13 05:23:56.757553,
415.8937072753906,12,2019-12-13 05:23:56.875814,
418.4132080078125,12,2019-12-13 05:23:56.994949,
403.60107421875,12,2019-12-13 05:23:57.121765,
406.4540100097656,12,2019-12-13 05:23:57.246814,
417.9990234375,12,2019-12-13 05:23:57.373443,
385.58135986328125,12,2019-12-13 05:23:57.497919,-10693.732421875
402.44036865234375,12,2019-12-13 05:23:57.619967,
406.3813781738281,12,2019-12-13 05:23:57.746190,
389.23370361328125,12,2019-12-13 05:23:57.865949,
397.7284240722656,12,2019-12-13 05:23:57.985060,
412.353515625,12,2019-12-13 05:23:58.109500,
405.6264343261719,12,2019-12-13 05:23:58.232128,
424.04730224609375,12,2019-12-13 05:23:58.353789,
402.80096435546875,12,2019-12-13 05:23:58.479044,
419.1082763671875,12,2019-12-13 05:23:58.612636,
428.4466552734375,12,2019-12-13 05:23:58.734662,
455.7577819824219,12,2019-12-13 05:23:58.854520,-10712.6044921875
373.1852111816406,12,2019-12-13 05:23:58.970783,
416.16705322265625,13,2019-12-13 05:23:59.099772,
418.0394287109375,13,2019-12-13 05:23:59.219211,
423.03619384765625,13,2019-12-13 05:23:59.342078,
407.6410827636719,13,2019-12-13 05:23:59.460223,
383.4053955078125,13,2019-12-13 05:23:59.588006,
399.7970275878906,13,2019-12-13 05:23:59.707896,
401.6984558105469,13,2019-12-13 05:23:59.832149,
409.2162780761719,13,2019-12-13 05:23:59.951175,-10644.345703125
430.2679443359375,13,2019-12-13 05:24:00.074936,
400.8835754394531,13,2019-12-13 05:24:00.199726,
397.9695129394531,13,2019-12-13 05:24:00.330431,
416.46832275390625,13,2019-12-13 05:24:00.446875,
409.6214599609375,13,2019-12-13 05:24:00.568328,
423.8641052246094,13,2019-12-13 05:24:00.689318,
423.6313171386719,13,2019-12-13 05:24:00.815752,
430.1945495605469,13,2019-12-13 05:24:00.936918,
393.3823547363281,13,2019-12-13 05:24:01.064403,
389.02435302734375,13,2019-12-13 05:24:01.183479,
405.0506286621094,13,2019-12-13 05:24:01.306949,-10653.44921875
405.825439453125,13,2019-12-13 05:24:01.421434,
416.8137512207031,13,2019-12-13 05:24:01.548110,
385.1840515136719,13,2019-12-13 05:24:01.671366,
478.0464172363281,13,2019-12-13 05:24:01.795968,
465.7738342285156,13,2019-12-13 05:24:01.922911,
419.1536560058594,13,2019-12-13 05:24:02.049440,
415.8549499511719,13,2019-12-13 05:24:02.169925,
391.0251159667969,13,2019-12-13 05:24:02.294834,
442.7302551269531,13,2019-12-13 05:24:02.414531,
421.99395751953125,13,2019-12-13 05:24:02.536041,
403.2275085449219,13,2019-12-13 05:24:02.664181,-10633.197265625
405.350830078125,13,2019-12-13 05:24:02.802840,
396.8111877441406,13,2019-12-13 05:24:02.931113,
421.6322937011719,13,2019-12-13 05:24:03.059903,
401.2083740234375,13,2019-12-13 05:24:03.188601,
411.7516174316406,13,2019-12-13 05:24:03.316699,
415.9046630859375,13,2019-12-13 05:24:03.447307,
423.50042724609375,13,2019-12-13 05:24:03.574931,
439.96221923828125,13,2019-12-13 05:24:03.703268,
422.1590881347656,13,2019-12-13 05:24:03.830379,
403.6829833984375,13,2019-12-13 05:24:03.955577,
421.5654296875,13,2019-12-13 05:24:04.090019,-10688.5859375
395.5221862792969,13,2019-12-13 05:24:04.208399,
396.87359619140625,13,2019-12-13 05:24:04.331431,
405.0285949707031,13,2019-12-13 05:24:04.448724,
421.33221435546875,13,2019-12-13 05:24:04.571648,
431.18865966796875,13,2019-12-13 05:24:04.689706,
403.8885192871094,13,2019-12-13 05:24:04.813286,
424.6790771484375,13,2019-12-13 05:24:04.931683,
420.101318359375,13,2019-12-13 05:24:05.054473,
422.41729736328125,13,2019-12-13 05:24:05.179179,
401.138671875,13,2019-12-13 05:24:05.321179,
416.38983154296875,13,2019-12-13 05:24:05.448232,-10669.0390625
426.8126525878906,13,2019-12-13 05:24:05.577064,
402.3096008300781,13,2019-12-13 05:24:05.704307,
399.6781921386719,13,2019-12-13 05:24:05.838064,
394.3695068359375,13,2019-12-13 05:24:05.967741,
434.5410461425781,13,2019-12-13 05:24:06.097994,
394.6053466796875,13,2019-12-13 05:24:06.229310,
385.3939514160156,13,2019-12-13 05:24:06.358369,
440.990478515625,13,2019-12-13 05:24:06.480669,
395.8055419921875,13,2019-12-13 05:24:06.621922,
399.6480712890625,13,2019-12-13 05:24:06.752467,
416.395263671875,13,2019-12-13 05:24:06.881936,-10667.873046875
410.8938293457031,13,2019-12-13 05:24:07.007858,
403.3473815917969,13,2019-12-13 05:24:07.131828,
400.4434814453125,13,2019-12-13 05:24:07.252358,
412.9906005859375,13,2019-12-13 05:24:07.373622,
398.9039001464844,13,2019-12-13 05:24:07.499840,
417.8215026855469,13,2019-12-13 05:24:07.624685,
428.2860107421875,13,2019-12-13 05:24:07.744102,
408.0043029785156,13,2019-12-13 05:24:07.877334,
437.0295715332031,13,2019-12-13 05:24:07.999324,
417.1732177734375,13,2019-12-13 05:24:08.125770,
381.41217041015625,13,2019-12-13 05:24:08.244243,-10680.6630859375
428.91595458984375,13,2019-12-13 05:24:08.365918,
402.74163818359375,13,2019-12-13 05:24:08.482625,
412.7186584472656,13,2019-12-13 05:24:08.603273,
415.96490478515625,13,2019-12-13 05:24:08.726703,
404.1738586425781,13,2019-12-13 05:24:08.851962,
404.19921875,13,2019-12-13 05:24:08.971505,
411.78472900390625,13,2019-12-13 05:24:09.100464,
386.51507568359375,13,2019-12-13 05:24:09.223558,
403.314697265625,13,2019-12-13 05:24:09.346960,
410.2292175292969,13,2019-12-13 05:24:09.465521,
387.9171142578125,13,2019-12-13 05:24:09.590289,-10658.2734375
401.4324951171875,13,2019-12-13 05:24:09.704065,
412.4309997558594,13,2019-12-13 05:24:09.824355,
411.30950927734375,13,2019-12-13 05:24:09.949356,
412.7020568847656,13,2019-12-13 05:24:10.078710,
402.8118896484375,13,2019-12-13 05:24:10.203844,
425.00872802734375,13,2019-12-13 05:24:10.346227,
438.8204650878906,13,2019-12-13 05:24:10.477704,
460.0497741699219,13,2019-12-13 05:24:10.608943,
387.46484375,13,2019-12-13 05:24:10.734485,
410.07244873046875,14,2019-12-13 05:24:10.868203,
410.3126525878906,14,2019-12-13 05:24:10.996916,
412.2894287109375,14,2019-12-13 05:24:11.126725,
404.109130859375,14,2019-12-13 05:24:11.247810,
386.9320373535156,14,2019-12-13 05:24:11.373878,
396.27264404296875,14,2019-12-13 05:24:11.490540,
402.1695861816406,14,2019-12-13 05:24:11.609991,
418.9112548828125,14,2019-12-13 05:24:11.732478,
440.5678405761719,14,2019-12-13 05:24:11.855950,
409.79595947265625,14,2019-12-13 05:24:11.974124,
396.6741638183594,14,2019-12-13 05:24:12.101651,-10679.041015625
414.25,14,2019-12-13 05:24:12.222158,
403.4462585449219,14,2019-12-13 05:24:12.344354,
410.1237487792969,14,2019-12-13 05:24:12.469265,
417.36444091796875,14,2019-12-13 05:24:12.589485,
427.32061767578125,14,2019-12-13 05:24:12.711860,
398.23846435546875,14,2019-12-13 05:24:12.834335,
391.81866455078125,14,2019-12-13 05:24:12.953725,
413.9018249511719,14,2019-12-13 05:24:13.072907,
411.8796691894531,14,2019-12-13 05:24:13.198874,
419.2142639160156,14,2019-12-13 05:24:13.330986,
385.45233154296875,14,2019-12-13 05:24:13.452137,-10684.01171875
466.1741638183594,14,2019-12-13 05:24:13.569939,
458.69940185546875,14,2019-12-13 05:24:13.695113,
415.4952087402344,14,2019-12-13 05:24:13.816925,
408.3006896972656,14,2019-12-13 05:24:13.942065,
384.2604064941406,14,2019-12-13 05:24:14.072683,
435.9594421386719,14,2019-12-13 05:24:14.199042,
425.28509521484375,14,2019-12-13 05:24:14.320685,
417.6609191894531,14,2019-12-13 05:24:14.441452,
426.4166564941406,14,2019-12-13 05:24:14.568115,
406.8389892578125,14,2019-12-13 05:24:14.692007,
423.79791259765625,14,2019-12-13 05:24:14.813199,-10694.0537109375
394.92620849609375,14,2019-12-13 05:24:14.932828,
412.1667175292969,14,2019-12-13 05:24:15.060460,
420.7098083496094,14,2019-12-13 05:24:15.189360,
418.07354736328125,14,2019-12-13 05:24:15.318719,
438.1595458984375,14,2019-12-13 05:24:15.441696,
416.0435791015625,14,2019-12-13 05:24:15.566669,
400.6781005859375,14,2019-12-13 05:24:15.690919,
427.9468078613281,14,2019-12-13 05:24:15.820131,
403.34063720703125,14,2019-12-13 05:24:15.940533,
400.77984619140625,14,2019-12-13 05:24:16.059319,
400.74346923828125,14,2019-12-13 05:24:16.184458,-10669.70703125
416.20831298828125,14,2019-12-13 05:24:16.315547,
427.43817138671875,14,2019-12-13 05:24:16.445119,
403.24737548828125,14,2019-12-13 05:24:16.576972,
423.3764953613281,14,2019-12-13 05:24:16.707384,
417.54071044921875,14,2019-12-13 05:24:16.839193,
416.90289306640625,14,2019-12-13 05:24:16.971123,
403.3572692871094,14,2019-12-13 05:24:17.112748,
425.023193359375,14,2019-12-13 05:24:17.240565,
439.056396484375,14,2019-12-13 05:24:17.369714,
405.7381896972656,14,2019-12-13 05:24:17.489870,
401.44622802734375,14,2019-12-13 05:24:17.620175,-10661.0615234375
388.77276611328125,14,2019-12-13 05:24:17.751326,
434.91107177734375,14,2019-12-13 05:24:17.885072,
389.22064208984375,14,2019-12-13 05:24:18.013206,
384.1739196777344,14,2019-12-13 05:24:18.143278,
435.0348815917969,14,2019-12-13 05:24:18.268803,
393.02288818359375,14,2019-12-13 05:24:18.405016,
402.5080871582031,14,2019-12-13 05:24:18.530982,
420.6188659667969,14,2019-12-13 05:24:18.657723,
416.17974853515625,14,2019-12-13 05:24:18.781275,
409.6208190917969,14,2019-12-13 05:24:18.907310,
399.5543518066406,14,2019-12-13 05:24:19.030911,-10675.89453125
408.0713806152344,14,2019-12-13 05:24:19.153140,
395.4809875488281,14,2019-12-13 05:24:19.282396,
414.2103576660156,14,2019-12-13 05:24:19.406713,
426.7681884765625,14,2019-12-13 05:24:19.528461,
408.8948059082031,14,2019-12-13 05:24:19.661154,
438.4556579589844,14,2019-12-13 05:24:19.783213,
422.4720458984375,14,2019-12-13 05:24:19.910001,
389.67608642578125,14,2019-12-13 05:24:20.035572,
438.2566223144531,14,2019-12-13 05:24:20.162495,
408.1597595214844,14,2019-12-13 05:24:20.296108,
409.806396484375,14,2019-12-13 05:24:20.429145,-10668.98828125
407.8763427734375,14,2019-12-13 05:24:20.559499,
394.97015380859375,14,2019-12-13 05:24:20.691084,
398.25628662109375,14,2019-12-13 05:24:20.824223,
417.0252990722656,14,2019-12-13 05:24:20.965798,
387.0311584472656,14,2019-12-13 05:24:21.098389,
406.1549377441406,14,2019-12-13 05:24:21.234679,
408.2950134277344,14,2019-12-13 05:24:21.374781,
393.6825866699219,14,2019-12-13 05:24:21.515732,
398.4844970703125,14,2019-12-13 05:24:21.654215,
419.74542236328125,14,2019-12-13 05:24:21.794936,
405.8265380859375,14,2019-12-13 05:24:21.930599,-10683.853515625
410.5291442871094,14,2019-12-13 05:24:22.060210,
396.7035217285156,14,2019-12-13 05:24:22.194541,
416.1226501464844,14,2019-12-13 05:24:22.335592,
434.77569580078125,14,2019-12-13 05:24:22.467602,
459.9556884765625,14,2019-12-13 05:24:22.597029,
390.27069091796875,14,2019-12-13 05:24:22.728692,
420.6004333496094,15,2019-12-13 05:24:22.863925,
415.0986328125,15,2019-12-13 05:24:22.991386,
407.7290344238281,15,2019-12-13 05:24:23.119329,-10666.03515625
391.9242248535156,15,2019-12-13 05:24:23.241855,
379.34747314453125,15,2019-12-13 05:24:23.369307,
394.865234375,15,2019-12-13 05:24:23.494891,
400.0306396484375,15,2019-12-13 05:24:23.621034,
414.0374755859375,15,2019-12-13 05:24:23.751848,
439.6754455566406,15,2019-12-13 05:24:23.882293,
407.0614013671875,15,2019-12-13 05:24:24.013301,
408.7132263183594,15,2019-12-13 05:24:24.151616,
422.2012939453125,15,2019-12-13 05:24:24.280342,
410.3554992675781,15,2019-12-13 05:24:24.408375,
399.8227233886719,15,2019-12-13 05:24:24.538299,-10675.66796875
406.3482666015625,15,2019-12-13 05:24:24.665982,
421.3623046875,15,2019-12-13 05:24:24.794618,
386.30950927734375,15,2019-12-13 05:24:24.922466,
389.6341857910156,15,2019-12-13 05:24:25.054694,
404.09124755859375,15,2019-12-13 05:24:25.184793,
413.0216369628906,15,2019-12-13 05:24:25.317542,
415.6858825683594,15,2019-12-13 05:24:25.457817,
400.14935302734375,15,2019-12-13 05:24:25.587061,
485.82086181640625,15,2019-12-13 05:24:25.719117,
467.46466064453125,15,2019-12-13 05:24:25.850632,
412.1771545410156,15,2019-12-13 05:24:25.980306,-10676.0625
401.5011291503906,15,2019-12-13 05:24:26.108396,
382.57647705078125,15,2019-12-13 05:24:26.237134,
430.5008850097656,15,2019-12-13 05:24:26.364834,
421.7972717285156,15,2019-12-13 05:24:26.491352,
417.1795654296875,15,2019-12-13 05:24:26.624671,
428.8667907714844,15,2019-12-13 05:24:26.770203,
411.5326232910156,15,2019-12-13 05:24:26.903582,
428.31658935546875,15,2019-12-13 05:24:27.032283,
401.4187316894531,15,2019-12-13 05:24:27.157223,
412.05474853515625,15,2019-12-13 05:24:27.282378,
415.2308349609375,15,2019-12-13 05:24:27.410174,-10685.7568359375
410.4643249511719,15,2019-12-13 05:24:27.538114,
432.13214111328125,15,2019-12-13 05:24:27.671550,
411.6167907714844,15,2019-12-13 05:24:27.800382,
397.3582458496094,15,2019-12-13 05:24:27.928924,
422.84771728515625,15,2019-12-13 05:24:28.062414,
400.4956359863281,15,2019-12-13 05:24:28.193761,
401.3280029296875,15,2019-12-13 05:24:28.322701,
408.99090576171875,15,2019-12-13 05:24:28.448821,
425.18841552734375,15,2019-12-13 05:24:28.568934,
433.04205322265625,15,2019-12-13 05:24:28.697418,
400.3036804199219,15,2019-12-13 05:24:28.832123,-10689.6376953125
424.7833251953125,15,2019-12-13 05:24:28.962335,
417.75726318359375,15,2019-12-13 05:24:29.096790,
417.4673156738281,15,2019-12-13 05:24:29.227959,
392.0859375,15,2019-12-13 05:24:29.372256,
416.7763977050781,15,2019-12-13 05:24:29.502059,
432.48944091796875,15,2019-12-13 05:24:29.634804,
411.1281433105469,15,2019-12-13 05:24:29.768829,
411.1494140625,15,2019-12-13 05:24:29.901217,
397.55615234375,15,2019-12-13 05:24:30.036900,
437.1326599121094,15,2019-12-13 05:24:30.176958,
387.5242004394531,15,2019-12-13 05:24:30.311960,-10706.41796875
382.6644592285156,15,2019-12-13 05:24:30.441321,
428.6678466796875,15,2019-12-13 05:24:30.573393,
390.08782958984375,15,2019-12-13 05:24:30.711954,
394.97772216796875,15,2019-12-13 05:24:30.841414,
419.0379333496094,15,2019-12-13 05:24:30.967052,
411.2928771972656,15,2019-12-13 05:24:31.097919,
411.50390625,15,2019-12-13 05:24:31.229437,
406.4034729003906,15,2019-12-13 05:24:31.360415,
418.0370178222656,15,2019-12-13 05:24:31.489745,
401.1756896972656,15,2019-12-13 05:24:31.617007,
409.7557067871094,15,2019-12-13 05:24:31.738288,-10687.318359375
419.5753479003906,15,2019-12-13 05:24:31.869146,
404.5392150878906,15,2019-12-13 05:24:32.011476,
435.17584228515625,15,2019-12-13 05:24:32.143972,
413.3033447265625,15,2019-12-13 05:24:32.275291,
387.8286437988281,15,2019-12-13 05:24:32.407198,
439.8961181640625,15,2019-12-13 05:24:32.536565,
412.4480895996094,15,2019-12-13 05:24:32.665967,
414.561767578125,15,2019-12-13 05:24:32.787548,
416.3992614746094,15,2019-12-13 05:24:32.914944,
407.4398193359375,15,2019-12-13 05:24:33.043942,
400.0015563964844,15,2019-12-13 05:24:33.176115,-10694.6455078125
404.3298645019531,15,2019-12-13 05:24:33.317427,
381.18121337890625,15,2019-12-13 05:24:33.448737,
402.1546936035156,15,2019-12-13 05:24:33.580051,
411.575927734375,15,2019-12-13 05:24:33.709995,
393.5191955566406,15,2019-12-13 05:24:33.842817,
406.8559875488281,15,2019-12-13 05:24:33.971936,
420.141845703125,15,2019-12-13 05:24:34.108400,
414.2850341796875,15,2019-12-13 05:24:34.241470,
419.93743896484375,15,2019-12-13 05:24:34.373829,
399.9078369140625,15,2019-12-13 05:24:34.506658,
414.2122497558594,15,2019-12-13 05:24:34.650988,-10730.0283203125
429.81329345703125,15,2019-12-13 05:24:34.782925,
456.95941162109375,15,2019-12-13 05:24:34.916275,
383.6905212402344,15,2019-12-13 05:24:35.049430,
415.6175231933594,16,2019-12-13 05:24:35.188025,
415.1126708984375,16,2019-12-13 05:24:35.324934,
415.2894287109375,16,2019-12-13 05:24:35.457897,
407.39361572265625,16,2019-12-13 05:24:35.589837,
389.0475158691406,16,2019-12-13 05:24:35.723383,
391.7607421875,16,2019-12-13 05:24:35.858352,-10700.140625
391.8787841796875,16,2019-12-13 05:24:35.992131,
414.0434265136719,16,2019-12-13 05:24:36.125958,
440.095947265625,16,2019-12-13 05:24:36.267225,
410.78350830078125,16,2019-12-13 05:24:36.407799,
403.41497802734375,16,2019-12-13 05:24:36.565763,
424.34429931640625,16,2019-12-13 05:24:36.706637,
410.97259521484375,16,2019-12-13 05:24:36.840920,
412.07293701171875,16,2019-12-13 05:24:36.976272,
418.23028564453125,16,2019-12-13 05:24:37.112226,
422.6837158203125,16,2019-12-13 05:24:37.254476,
400.3669128417969,16,2019-12-13 05:24:37.397878,-10721.673828125
387.0296936035156,16,2019-12-13 05:24:37.529125,
404.205322265625,16,2019-12-13 05:24:37.659746,
411.36859130859375,16,2019-12-13 05:24:37.788599,
418.7413024902344,16,2019-12-13 05:24:37.930648,
392.26708984375,16,2019-12-13 05:24:38.061432,
476.1611022949219,16,2019-12-13 05:24:38.194212,
466.23114013671875,16,2019-12-13 05:24:38.323452,
422.6758117675781,16,2019-12-13 05:24:38.450797,
416.63287353515625,16,2019-12-13 05:24:38.578396,
387.0511169433594,16,2019-12-13 05:24:38.708397,
432.63165283203125,16,2019-12-13 05:24:38.843182,-10694.2890625
417.50494384765625,16,2019-12-13 05:24:38.973870,
410.76739501953125,16,2019-12-13 05:24:39.108362,
422.5951843261719,16,2019-12-13 05:24:39.253608,
405.5531005859375,16,2019-12-13 05:24:39.388929,
425.3891296386719,16,2019-12-13 05:24:39.522786,
401.3310241699219,16,2019-12-13 05:24:39.661216,
418.781982421875,16,2019-12-13 05:24:39.801791,
423.34661865234375,16,2019-12-13 05:24:39.942047,
417.71490478515625,16,2019-12-13 05:24:40.084487,
431.9599609375,16,2019-12-13 05:24:40.229691,
408.5174255371094,16,2019-12-13 05:24:40.364561,-10680.9541015625
389.2787780761719,16,2019-12-13 05:24:40.497505,
421.2210388183594,16,2019-12-13 05:24:40.643601,
398.42608642578125,16,2019-12-13 05:24:40.776814,
396.849609375,16,2019-12-13 05:24:40.912785,
403.35174560546875,16,2019-12-13 05:24:41.045750,
425.0768127441406,16,2019-12-13 05:24:41.173689,
431.6348571777344,16,2019-12-13 05:24:41.302469,
407.2474365234375,16,2019-12-13 05:24:41.435867,
429.6073913574219,16,2019-12-13 05:24:41.565625,
420.9320068359375,16,2019-12-13 05:24:41.694780,
416.5776062011719,16,2019-12-13 05:24:41.827354,-10747.890625
394.593994140625,16,2019-12-13 05:24:41.972631,
416.1645812988281,16,2019-12-13 05:24:42.114724,
432.3655090332031,16,2019-12-13 05:24:42.250909,
406.0520935058594,16,2019-12-13 05:24:42.387544,
407.6502990722656,16,2019-12-13 05:24:42.522654,
395.1646423339844,16,2019-12-13 05:24:42.659321,
441.3003234863281,16,2019-12-13 05:24:42.794468,
394.24029541015625,16,2019-12-13 05:24:42.924346,
391.395751953125,16,2019-12-13 05:24:43.056991,
435.4111633300781,16,2019-12-13 05:24:43.184516,
387.20721435546875,16,2019-12-13 05:24:43.323875,-10691.376953125
392.0642395019531,16,2019-12-13 05:24:43.452643,
415.5986022949219,16,2019-12-13 05:24:43.583431,
411.0837097167969,16,2019-12-13 05:24:43.718703,
403.8930969238281,16,2019-12-13 05:24:43.852597,
405.1109313964844,16,2019-12-13 05:24:43.981188,
418.0021667480469,16,2019-12-13 05:24:44.113962,
402.4834289550781,16,2019-12-13 05:24:44.246977,
421.556884765625,16,2019-12-13 05:24:44.378799,
429.8207702636719,16,2019-12-13 05:24:44.510438,
409.6025390625,16,2019-12-13 05:24:44.663103,
432.3581848144531,16,2019-12-13 05:24:44.800158,-10716.130859375
412.3462829589844,16,2019-12-13 05:24:44.934492,
390.1768798828125,16,2019-12-13 05:24:45.080118,
432.6122741699219,16,2019-12-13 05:24:45.215899,
405.5433044433594,16,2019-12-13 05:24:45.350829,
410.482666015625,16,2019-12-13 05:24:45.483814,
420.63409423828125,16,2019-12-13 05:24:45.620165,
409.5916442871094,16,2019-12-13 05:24:45.759592,
406.6070556640625,16,2019-12-13 05:24:45.897222,
416.2800598144531,16,2019-12-13 05:24:46.036591,
388.2751770019531,16,2019-12-13 05:24:46.171386,
399.1263427734375,16,2019-12-13 05:24:46.305466,-10728.078125
404.61053466796875,16,2019-12-13 05:24:46.434139,
389.0313415527344,16,2019-12-13 05:24:46.567588,
398.8141174316406,16,2019-12-13 05:24:46.705806,
414.2666931152344,16,2019-12-13 05:24:46.844947,
410.9084167480469,16,2019-12-13 05:24:46.981898,
415.43353271484375,16,2019-12-13 05:24:47.121584,
397.9245300292969,16,2019-12-13 05:24:47.260051,
421.274658203125,16,2019-12-13 05:24:47.407246,
442.4226379394531,16,2019-12-13 05:24:47.545087,
459.4886779785156,16,2019-12-13 05:24:47.680638,
379.31964111328125,16,2019-12-13 05:24:47.814352,-10697.240234375
409.2972106933594,17,2019-12-13 05:24:47.956039,
410.3253173828125,17,2019-12-13 05:24:48.091749,
414.7771911621094,17,2019-12-13 05:24:48.222871,
402.5111083984375,17,2019-12-13 05:24:48.356725,
389.3282470703125,17,2019-12-13 05:24:48.487393,
397.3437805175781,17,2019-12-13 05:24:48.617146,
395.5350646972656,17,2019-12-13 05:24:48.739682,
420.8243713378906,17,2019-12-13 05:24:48.858752,
441.9215087890625,17,2019-12-13 05:24:48.982449,-10752.21875
405.3295593261719,17,2019-12-13 05:24:49.102581,
402.0326843261719,17,2019-12-13 05:24:49.236914,
417.73419189453125,17,2019-12-13 05:24:49.360145,
407.2768249511719,17,2019-12-13 05:24:49.484687,
408.36041259765625,17,2019-12-13 05:24:49.606346,
419.52764892578125,17,2019-12-13 05:24:49.740652,
428.5935974121094,17,2019-12-13 05:24:49.875323,
405.2493896484375,17,2019-12-13 05:24:50.010561,
394.312255859375,17,2019-12-13 05:24:50.145019,
405.288330078125,17,2019-12-13 05:24:50.277969,
413.1302490234375,17,2019-12-13 05:24:50.420679,-10736.67578125
413.4716491699219,17,2019-12-13 05:24:50.574480,
384.6401062011719,17,2019-12-13 05:24:50.716489,
462.3829345703125,17,2019-12-13 05:24:50.855437,
458.4001770019531,17,2019-12-13 05:24:50.988252,
419.9751281738281,17,2019-12-13 05:24:51.131610,
407.8629455566406,17,2019-12-13 05:24:51.265454,
387.1374816894531,17,2019-12-13 05:24:51.410210,
450.62371826171875,17,2019-12-13 05:24:51.543521,
432.7600402832031,17,2019-12-13 05:24:51.680603,
421.6647644042969,17,2019-12-13 05:24:51.818238,
418.2013244628906,17,2019-12-13 05:24:51.960109,-10730.4482421875
393.4537353515625,17,2019-12-13 05:24:52.079298,
415.55877685546875,17,2019-12-13 05:24:52.207646,
396.2232971191406,17,2019-12-13 05:24:52.340574,
408.9823303222656,17,2019-12-13 05:24:52.472935,
424.49908447265625,17,2019-12-13 05:24:52.611119,
417.7475891113281,17,2019-12-13 05:24:52.742597,
431.9632568359375,17,2019-12-13 05:24:52.874317,
416.4129333496094,17,2019-12-13 05:24:53.005024,
403.2648010253906,17,2019-12-13 05:24:53.133432,
427.174072265625,17,2019-12-13 05:24:53.277342,
399.7750549316406,17,2019-12-13 05:24:53.411936,-10740.8125
396.70550537109375,17,2019-12-13 05:24:53.543389,
401.5833740234375,17,2019-12-13 05:24:53.674932,
416.6509094238281,17,2019-12-13 05:24:53.798021,
426.427978515625,17,2019-12-13 05:24:53.928047,
400.30474853515625,17,2019-12-13 05:24:54.057429,
428.4361267089844,17,2019-12-13 05:24:54.186244,
421.920166015625,17,2019-12-13 05:24:54.305576,
409.27642822265625,17,2019-12-13 05:24:54.434615,
395.68817138671875,17,2019-12-13 05:24:54.565612,
426.6765441894531,17,2019-12-13 05:24:54.692186,
435.64727783203125,17,2019-12-13 05:24:54.812360,-10751.974609375
407.0416259765625,17,2019-12-13 05:24:54.940218,
406.25384521484375,17,2019-12-13 05:24:55.062760,
389.66424560546875,17,2019-12-13 05:24:55.194407,
432.7832336425781,17,2019-12-13 05:24:55.320203,
394.70050048828125,17,2019-12-13 05:24:55.447865,
381.495361328125,17,2019-12-13 05:24:55.575585,
435.2215881347656,17,2019-12-13 05:24:55.714732,
397.94757080078125,17,2019-12-13 05:24:55.851975,
398.2764587402344,17,2019-12-13 05:24:55.976941,
419.2322692871094,17,2019-12-13 05:24:56.099328,
411.07232666015625,17,2019-12-13 05:24:56.222013,-10767.8955078125
408.497314453125,17,2019-12-13 05:24:56.341664,
405.7538146972656,17,2019-12-13 05:24:56.475764,
421.5863037109375,17,2019-12-13 05:24:56.610005,
402.5528564453125,17,2019-12-13 05:24:56.743273,
416.97119140625,17,2019-12-13 05:24:56.872635,
427.5474548339844,17,2019-12-13 05:24:57.007571,
407.9555969238281,17,2019-12-13 05:24:57.152126,
443.2292175292969,17,2019-12-13 05:24:57.283731,
421.37054443359375,17,2019-12-13 05:24:57.411642,
387.64556884765625,17,2019-12-13 05:24:57.541535,
430.4978332519531,17,2019-12-13 05:24:57.677336,-10740.072265625
404.9960021972656,17,2019-12-13 05:24:57.809825,
414.0712585449219,17,2019-12-13 05:24:57.943882,
417.8343505859375,17,2019-12-13 05:24:58.079856,
407.5805969238281,17,2019-12-13 05:24:58.210833,
405.538818359375,17,2019-12-13 05:24:58.337680,
415.68011474609375,17,2019-12-13 05:24:58.476093,
387.5849914550781,17,2019-12-13 05:24:58.612230,
407.0850830078125,17,2019-12-13 05:24:58.746012,
414.6050109863281,17,2019-12-13 05:24:58.877806,
391.0223388671875,17,2019-12-13 05:24:59.014075,
398.055419921875,17,2019-12-13 05:24:59.150265,-10726.9443359375
409.9303283691406,17,2019-12-13 05:24:59.284220,
406.5628662109375,17,2019-12-13 05:24:59.413496,
410.1749267578125,17,2019-12-13 05:24:59.540196,
399.96630859375,17,2019-12-13 05:24:59.673533,
423.51971435546875,17,2019-12-13 05:24:59.818629,
439.7408752441406,17,2019-12-13 05:24:59.950492,
463.7610168457031,17,2019-12-13 05:25:00.079650,
385.9371032714844,17,2019-12-13 05:25:00.206013,
405.622314453125,18,2019-12-13 05:25:00.338258,-10695.5205078125
403.56414794921875,18,2019-12-13 05:25:00.465991,
406.5192565917969,18,2019-12-13 05:25:00.587416,
401.50341796875,18,2019-12-13 05:25:00.706387,
388.3817138671875,18,2019-12-13 05:25:00.827479,
392.50225830078125,18,2019-12-13 05:25:00.956142,
398.46539306640625,18,2019-12-13 05:25:01.098413,
430.201416015625,18,2019-12-13 05:25:01.235286,
450.1961975097656,18,2019-12-13 05:25:01.367788,
414.56793212890625,18,2019-12-13 05:25:01.496971,
401.7012939453125,18,2019-12-13 05:25:01.640640,
413.9317932128906,18,2019-12-13 05:25:01.779106,-10719.41796875
401.9653625488281,18,2019-12-13 05:25:01.916139,
402.6793518066406,18,2019-12-13 05:25:02.047159,
410.81658935546875,18,2019-12-13 05:25:02.180795,
424.1708679199219,18,2019-12-13 05:25:02.322988,
402.8804626464844,18,2019-12-13 05:25:02.458149,
390.7350158691406,18,2019-12-13 05:25:02.590012,
409.88226318359375,18,2019-12-13 05:25:02.723959,
425.5700988769531,18,2019-12-13 05:25:02.859234,
422.4259338378906,18,2019-12-13 05:25:02.999471,
393.47821044921875,18,2019-12-13 05:25:03.128906,
466.7677307128906,18,2019-12-13 05:25:03.256782,-10725.91796875
457.818359375,18,2019-12-13 05:25:03.382592,
418.14208984375,18,2019-12-13 05:25:03.511331,
408.6458740234375,18,2019-12-13 05:25:03.641482,
385.1802062988281,18,2019-12-13 05:25:03.771548,
445.57659912109375,18,2019-12-13 05:25:03.899944,
428.5080261230469,18,2019-12-13 05:25:04.029326,
418.5068054199219,18,2019-12-13 05:25:04.162667,
425.6708679199219,18,2019-12-13 05:25:04.306341,
408.7768249511719,18,2019-12-13 05:25:04.437491,
426.82806396484375,18,2019-12-13 05:25:04.567142,
398.0892639160156,18,2019-12-13 05:25:04.699435,-10708.533203125
409.9126892089844,18,2019-12-13 05:25:04.832937,
413.0514831542969,18,2019-12-13 05:25:04.969260,
418.330078125,18,2019-12-13 05:25:05.103421,
436.36456298828125,18,2019-12-13 05:25:05.241300,
418.88958740234375,18,2019-12-13 05:25:05.378969,
402.9970397949219,18,2019-12-13 05:25:05.514039,
424.7164306640625,18,2019-12-13 05:25:05.658918,
403.4393005371094,18,2019-12-13 05:25:05.786220,
401.73553466796875,18,2019-12-13 05:25:05.910535,
406.1651611328125,18,2019-12-13 05:25:06.045421,
420.27239990234375,18,2019-12-13 05:25:06.186014,-10734.7919921875
425.2919616699219,18,2019-12-13 05:25:06.319310,
402.81097412109375,18,2019-12-13 05:25:06.456069,
426.3230895996094,18,2019-12-13 05:25:06.589388,
421.0640869140625,18,2019-12-13 05:25:06.729289,
419.82904052734375,18,2019-12-13 05:25:06.867052,
392.8094177246094,18,2019-12-13 05:25:07.018876,
421.69696044921875,18,2019-12-13 05:25:07.155078,
437.4462890625,18,2019-12-13 05:25:07.292913,
410.7064208984375,18,2019-12-13 05:25:07.430118,
406.1799621582031,18,2019-12-13 05:25:07.569785,
387.0191345214844,18,2019-12-13 05:25:07.707376,-10746.1796875
433.6749267578125,18,2019-12-13 05:25:07.846100,
392.300048828125,18,2019-12-13 05:25:07.984688,
386.0653076171875,18,2019-12-13 05:25:08.125163,
431.68280029296875,18,2019-12-13 05:25:08.263765,
394.4348449707031,18,2019-12-13 05:25:08.414000,
399.783447265625,18,2019-12-13 05:25:08.554256,
423.6774597167969,18,2019-12-13 05:25:08.691527,
415.5357360839844,18,2019-12-13 05:25:08.828680,
413.1526794433594,18,2019-12-13 05:25:08.965910,
410.1617126464844,18,2019-12-13 05:25:09.103627,
415.6153564453125,18,2019-12-13 05:25:09.237043,-10754.6181640625
397.0618896484375,18,2019-12-13 05:25:09.371366,
415.30865478515625,18,2019-12-13 05:25:09.506180,
426.9559631347656,18,2019-12-13 05:25:09.641471,
406.69769287109375,18,2019-12-13 05:25:09.789131,
438.557373046875,18,2019-12-13 05:25:09.925581,
421.46246337890625,18,2019-12-13 05:25:10.063177,
392.30279541015625,18,2019-12-13 05:25:10.197696,
439.3570251464844,18,2019-12-13 05:25:10.331925,
407.29302978515625,18,2019-12-13 05:25:10.468184,
412.9118957519531,18,2019-12-13 05:25:10.601932,
412.38189697265625,18,2019-12-13 05:25:10.732953,-10721.81640625
396.01605224609375,18,2019-12-13 05:25:10.860143,
395.7459716796875,18,2019-12-13 05:25:10.998029,
416.28729248046875,18,2019-12-13 05:25:11.146043,
387.616455078125,18,2019-12-13 05:25:11.279432,
406.0479736328125,18,2019-12-13 05:25:11.410719,
416.1114501953125,18,2019-12-13 05:25:11.548154,
394.5719909667969,18,2019-12-13 05:25:11.693318,
404.4793395996094,18,2019-12-13 05:25:11.832626,
418.3094177246094,18,2019-12-13 05:25:11.970847,
413.28900146484375,18,2019-12-13 05:25:12.105808,
410.8170471191406,18,2019-12-13 05:25:12.241229,-10760.98046875
396.0122375488281,18,2019-12-13 05:25:12.378119,
417.4759521484375,18,2019-12-13 05:25:12.527578,
434.3678894042969,18,2019-12-13 05:25:12.664132,
456.5927734375,18,2019-12-13 05:25:12.798514,
386.07672119140625,18,2019-12-13 05:25:12.935175,
415.59112548828125,19,2019-12-13 05:25:13.081775,
416.8370361328125,19,2019-12-13 05:25:13.220535,
414.789306640625,19,2019-12-13 05:25:13.359976,
399.63287353515625,19,2019-12-13 05:25:13.492903,-10739.6357421875
381.9553527832031,19,2019-12-13 05:25:13.630623,
387.0474548339844,19,2019-12-13 05:25:13.768289,
398.2378234863281,19,2019-12-13 05:25:13.902838,
429.6040954589844,19,2019-12-13 05:25:14.034516,
440.5435485839844,19,2019-12-13 05:25:14.167241,
404.97906494140625,19,2019-12-13 05:25:14.302056,
394.3832702636719,19,2019-12-13 05:25:14.448184,
426.7388610839844,19,2019-12-13 05:25:14.582511,
409.1273498535156,19,2019-12-13 05:25:14.717861,
409.7039489746094,19,2019-12-13 05:25:14.852811,
412.8616027832031,19,2019-12-13 05:25:14.986697,-10740.7333984375
415.3298645019531,19,2019-12-13 05:25:15.116451,
408.4449768066406,19,2019-12-13 05:25:15.248502,
390.82147216796875,19,2019-12-13 05:25:15.383409,
413.22174072265625,19,2019-12-13 05:25:15.519160,
418.4104919433594,19,2019-12-13 05:25:15.652095,
421.15936279296875,19,2019-12-13 05:25:15.796671,
390.5699157714844,19,2019-12-13 05:25:15.929209,
477.0722961425781,19,2019-12-13 05:25:16.062152,
471.1806335449219,19,2019-12-13 05:25:16.196246,
421.1421203613281,19,2019-12-13 05:25:16.329377,
409.45758056640625,19,2019-12-13 05:25:16.471010,-10754.2685546875
385.2493896484375,19,2019-12-13 05:25:16.605775,
440.0700988769531,19,2019-12-13 05:25:16.739421,
421.8343505859375,19,2019-12-13 05:25:16.879683,
415.3890686035156,19,2019-12-13 05:25:17.014733,
424.3294372558594,19,2019-12-13 05:25:17.162718,
410.48956298828125,19,2019-12-13 05:25:17.294400,
426.8282775878906,19,2019-12-13 05:25:17.427764,
402.2045593261719,19,2019-12-13 05:25:17.561614,
421.9887390136719,19,2019-12-13 05:25:17.693703,
424.4445495605469,19,2019-12-13 05:25:17.820615,
417.08819580078125,19,2019-12-13 05:25:17.955335,-10745.9814453125
432.79522705078125,19,2019-12-13 05:25:18.090557,
412.0943908691406,19,2019-12-13 05:25:18.221327,
395.5616149902344,19,2019-12-13 05:25:18.345790,
421.09136962890625,19,2019-12-13 05:25:18.484415,
399.1227111816406,19,2019-12-13 05:25:18.621898,
400.34423828125,19,2019-12-13 05:25:18.760713,
407.6130065917969,19,2019-12-13 05:25:18.893155,
427.532958984375,19,2019-12-13 05:25:19.027923,
433.4914855957031,19,2019-12-13 05:25:19.166457,
402.2661437988281,19,2019-12-13 05:25:19.299593,
430.1501159667969,19,2019-12-13 05:25:19.438618,-10739.837890625
420.21160888671875,19,2019-12-13 05:25:19.572971,
414.2734375,19,2019-12-13 05:25:19.703771,
395.6812438964844,19,2019-12-13 05:25:19.838440,
419.7153625488281,19,2019-12-13 05:25:19.964731,
438.6394958496094,19,2019-12-13 05:25:20.093556,
408.6539001464844,19,2019-12-13 05:25:20.223639,
406.1107482910156,19,2019-12-13 05:25:20.356112,
397.7818298339844,19,2019-12-13 05:25:20.493342,
442.9700012207031,19,2019-12-13 05:25:20.627252,
395.20733642578125,19,2019-12-13 05:25:20.774877,
382.2248840332031,19,2019-12-13 05:25:20.923345,-10753.9228515625
428.0423583984375,19,2019-12-13 05:25:21.065309,
390.6291198730469,19,2019-12-13 05:25:21.227511,
406.99774169921875,19,2019-12-13 05:25:21.372591,
421.7025451660156,19,2019-12-13 05:25:21.515055,
415.2110900878906,19,2019-12-13 05:25:21.663989,
413.6160583496094,19,2019-12-13 05:25:21.809251,
406.0155029296875,19,2019-12-13 05:25:21.956403,
417.8722229003906,19,2019-12-13 05:25:22.099504,
406.91058349609375,19,2019-12-13 05:25:22.251162,
416.2341613769531,19,2019-12-13 05:25:22.395707,
421.3227233886719,19,2019-12-13 05:25:22.542532,-10793.421875
402.2661437988281,19,2019-12-13 05:25:22.698930,
436.6257019042969,19,2019-12-13 05:25:22.845382,
418.57525634765625,19,2019-12-13 05:25:22.992675,
387.24371337890625,19,2019-12-13 05:25:23.142935,
432.9685974121094,19,2019-12-13 05:25:23.292968,
403.31072998046875,19,2019-12-13 05:25:23.440251,
416.6091613769531,19,2019-12-13 05:25:23.588450,
424.6781005859375,19,2019-12-13 05:25:23.731101,
411.4541931152344,19,2019-12-13 05:25:23.875050,
403.703125,19,2019-12-13 05:25:24.018848,
408.1038818359375,19,2019-12-13 05:25:24.177841,-10774.892578125
380.9020690917969,19,2019-12-13 05:25:24.321051,
404.8739929199219,19,2019-12-13 05:25:24.464190,
415.44549560546875,19,2019-12-13 05:25:24.608007,
390.5516357421875,19,2019-12-13 05:25:24.757343,
400.68487548828125,19,2019-12-13 05:25:24.903778,
413.26641845703125,19,2019-12-13 05:25:25.049797,
411.52447509765625,19,2019-12-13 05:25:25.198055,
423.24737548828125,19,2019-12-13 05:25:25.337290,
405.56451416015625,19,2019-12-13 05:25:25.478952,
418.5250549316406,19,2019-12-13 05:25:25.632999,
427.9516296386719,19,2019-12-13 05:25:25.771563,-10788.861328125
453.8541564941406,19,2019-12-13 05:25:25.914707,
385.435791015625,19,2019-12-13 05:25:26.061852,
