g_loss,d_loss,epoch,created_at
0.9055842161178589,0.6698552370071411,0,2019-12-12 07:26:32.646904
0.42495036125183105,0.5447859168052673,0,2019-12-12 07:26:32.776779
0.4207940697669983,0.539889395236969,0,2019-12-12 07:26:32.905965
0.6234347820281982,0.38956981897354126,0,2019-12-12 07:26:33.042366
0.4099333882331848,0.5497559905052185,0,2019-12-12 07:26:33.172231
0.42094850540161133,0.5382634401321411,0,2019-12-12 07:26:33.311397
0.33266013860702515,0.6385543942451477,0,2019-12-12 07:26:33.449249
0.41603386402130127,0.5463322997093201,0,2019-12-12 07:26:33.592903
0.4065548777580261,0.5543164610862732,0,2019-12-12 07:26:33.737200
0.41137444972991943,0.5455998778343201,0,2019-12-12 07:26:33.873568
0.4059593081474304,0.5501013994216919,0,2019-12-12 07:26:34.024412
0.3963889479637146,0.5593215823173523,0,2019-12-12 07:26:34.174832
0.40457862615585327,0.5508249998092651,0,2019-12-12 07:26:34.325205
0.38440826535224915,0.5739877820014954,0,2019-12-12 07:26:34.483585
0.4306133985519409,0.5255920886993408,0,2019-12-12 07:26:34.636226
0.41081535816192627,0.5445128083229065,0,2019-12-12 07:26:34.781603
0.40362799167633057,0.5525976419448853,0,2019-12-12 07:26:34.921587
0.34003376960754395,0.6237815022468567,0,2019-12-12 07:26:35.056657
0.36087435483932495,0.598534882068634,0,2019-12-12 07:26:35.193047
0.3978372812271118,0.5582641363143921,0,2019-12-12 07:26:35.327176
0.4171779155731201,0.5384423136711121,0,2019-12-12 07:26:35.464791
0.43056267499923706,0.5268024802207947,0,2019-12-12 07:26:35.597350
0.39887985587120056,0.5574898719787598,0,2019-12-12 07:26:35.731916
0.4283096492290497,0.5278832912445068,0,2019-12-12 07:26:35.865083
0.402606725692749,0.5527198910713196,0,2019-12-12 07:26:35.997870
0.40594959259033203,0.5491953492164612,0,2019-12-12 07:26:36.132666
0.4027872681617737,0.5522914528846741,0,2019-12-12 07:26:36.267694
0.4057190418243408,0.549457848072052,0,2019-12-12 07:26:36.400204
0.39738503098487854,0.5577192902565002,0,2019-12-12 07:26:36.524134
0.4063742756843567,0.548639178276062,0,2019-12-12 07:26:36.649925
0.3763377368450165,0.5801316499710083,0,2019-12-12 07:26:36.786727
0.4707375168800354,0.49095794558525085,0,2019-12-12 07:26:36.920904
0.46595579385757446,0.49516040086746216,0,2019-12-12 07:26:37.054003
0.385736346244812,0.570925235748291,0,2019-12-12 07:26:37.187993
0.37980806827545166,0.5771262049674988,0,2019-12-12 07:26:37.321768
0.39705580472946167,0.558313250541687,0,2019-12-12 07:26:37.457052
0.4070189297199249,0.5481700897216797,0,2019-12-12 07:26:37.590160
0.41075271368026733,0.5443098545074463,0,2019-12-12 07:26:37.723770
0.40916505455970764,0.5458256006240845,0,2019-12-12 07:26:37.858654
0.40665873885154724,0.5482940077781677,0,2019-12-12 07:26:37.990019
0.4051218032836914,0.549820601940155,0,2019-12-12 07:26:38.124677
0.4040035605430603,0.5509446859359741,0,2019-12-12 07:26:38.252131
0.40442705154418945,0.5505478978157043,0,2019-12-12 07:26:38.390134
0.4077494144439697,0.5471796989440918,0,2019-12-12 07:26:38.524851
0.4065990447998047,0.5483035445213318,0,2019-12-12 07:26:38.652261
0.40610623359680176,0.5488179922103882,0,2019-12-12 07:26:38.787482
0.40472930669784546,0.5501757860183716,0,2019-12-12 07:26:38.922029
0.4100522994995117,0.5448710322380066,0,2019-12-12 07:26:39.057337
0.4049449563026428,0.5499997138977051,0,2019-12-12 07:26:39.192395
0.40970659255981445,0.5452537536621094,0,2019-12-12 07:26:39.326184
0.769518256187439,0.3135111629962921,0,2019-12-12 07:26:39.461912
0.4337202310562134,0.5237930417060852,0,2019-12-12 07:26:39.597452
0.4295976758003235,0.5283851623535156,0,2019-12-12 07:26:39.728972
0.3912423849105835,0.565385639667511,0,2019-12-12 07:26:39.859787
0.3927402198314667,0.5636976957321167,0,2019-12-12 07:26:39.992631
0.4127958416938782,0.5428194999694824,0,2019-12-12 07:26:40.120194
0.4027369022369385,0.5526421070098877,0,2019-12-12 07:26:40.242713
0.4053369164466858,0.5497843623161316,0,2019-12-12 07:26:40.366095
0.405733585357666,0.5492997169494629,0,2019-12-12 07:26:40.493510
0.40662676095962524,0.5483744144439697,0,2019-12-12 07:26:40.621528
0.40215322375297546,0.5528082847595215,0,2019-12-12 07:26:40.751815
0.40629470348358154,0.5486471652984619,0,2019-12-12 07:26:40.875502
0.4174349009990692,0.5377817749977112,0,2019-12-12 07:26:41.003515
0.42128634452819824,0.5340113043785095,0,2019-12-12 07:26:41.128747
0.4130766987800598,0.5419365167617798,0,2019-12-12 07:26:41.252713
0.4110368490219116,0.5438975691795349,0,2019-12-12 07:26:41.376351
0.4105176031589508,0.5444043874740601,0,2019-12-12 07:26:41.500464
0.40892302989959717,0.5459544062614441,0,2019-12-12 07:26:41.623467
0.4090401530265808,0.5458245873451233,0,2019-12-12 07:26:41.747768
0.40423861145973206,0.5506126284599304,0,2019-12-12 07:26:41.873851
0.4060836136341095,0.5487587451934814,0,2019-12-12 07:26:42.014006
0.4088805615901947,0.5459804534912109,0,2019-12-12 07:26:42.139684
0.4035046398639679,0.5513500571250916,0,2019-12-12 07:26:42.301238
0.40505266189575195,0.5497732162475586,0,2019-12-12 07:26:42.442506
0.40476495027542114,0.5500693321228027,0,2019-12-12 07:26:42.617638
0.40752893686294556,0.5473084449768066,0,2019-12-12 07:26:42.766628
0.4020041823387146,0.5528429746627808,0,2019-12-12 07:26:42.993564
0.40623578429222107,0.5485921502113342,0,2019-12-12 07:26:43.182271
0.4064295291900635,0.5483903288841248,0,2019-12-12 07:26:43.374608
0.40274786949157715,0.5520846247673035,0,2019-12-12 07:26:43.529297
0.40623605251312256,0.5485858917236328,0,2019-12-12 07:26:43.675939
0.4054325222969055,0.549379825592041,0,2019-12-12 07:26:43.831871
0.40968483686447144,0.5451483130455017,0,2019-12-12 07:26:43.967236
0.3990989327430725,0.5557674169540405,0,2019-12-12 07:26:44.092689
0.4096829891204834,0.5451480150222778,0,2019-12-12 07:26:44.228337
0.40432435274124146,0.5504875779151917,0,2019-12-12 07:26:44.363840
0.4004896283149719,0.5543559789657593,0,2019-12-12 07:26:44.500625
0.4068712294101715,0.547942578792572,0,2019-12-12 07:26:44.630775
0.40607279539108276,0.5487304925918579,0,2019-12-12 07:26:44.755427
0.4109410047531128,0.5439061522483826,0,2019-12-12 07:26:44.879539
0.4106420874595642,0.5441961288452148,0,2019-12-12 07:26:45.014993
0.40721938014030457,0.5475845336914062,0,2019-12-12 07:26:45.149240
0.4039190411567688,0.5508905053138733,0,2019-12-12 07:26:45.275483
0.4015187919139862,0.5533007979393005,0,2019-12-12 07:26:45.399146
0.4043236970901489,0.5504763722419739,1,2019-12-12 07:26:45.509544
0.40175989270210266,0.5530577898025513,1,2019-12-12 07:26:45.633034
0.4038078188896179,0.5509964227676392,1,2019-12-12 07:26:45.755462
0.4037824869155884,0.5510192513465881,1,2019-12-12 07:26:45.878857
0.4049665331840515,0.5498307943344116,1,2019-12-12 07:26:46.002450
0.4032776951789856,0.5515349507331848,1,2019-12-12 07:26:46.125262
0.42100703716278076,0.5341752171516418,1,2019-12-12 07:26:46.250241
0.3998381197452545,0.5550234913825989,1,2019-12-12 07:26:46.372854
0.4103237986564636,0.5445117354393005,1,2019-12-12 07:26:46.496188
0.4135710299015045,0.5413176417350769,1,2019-12-12 07:26:46.618766
0.40999066829681396,0.5448346734046936,1,2019-12-12 07:26:46.746062
0.4103306233882904,0.5444995760917664,1,2019-12-12 07:26:46.879611
0.40758973360061646,0.5472064018249512,1,2019-12-12 07:26:47.013676
0.4050946831703186,0.5496947169303894,1,2019-12-12 07:26:47.140866
0.4064894914627075,0.5483051538467407,1,2019-12-12 07:26:47.266809
0.4074360132217407,0.5473617315292358,1,2019-12-12 07:26:47.397043
0.4044385552406311,0.5503585934638977,1,2019-12-12 07:26:47.520725
0.4038393497467041,0.5509539842605591,1,2019-12-12 07:26:47.650726
0.4032105505466461,0.5515863299369812,1,2019-12-12 07:26:47.781263
0.40627598762512207,0.5485162734985352,1,2019-12-12 07:26:47.904376
0.4068934917449951,0.547898530960083,1,2019-12-12 07:26:48.033111
0.40299224853515625,0.5518062710762024,1,2019-12-12 07:26:48.155206
0.38953590393066406,0.5656542778015137,1,2019-12-12 07:26:48.277699
0.4211639165878296,0.5339890718460083,1,2019-12-12 07:26:48.401699
0.4177359938621521,0.5372728109359741,1,2019-12-12 07:26:48.527553
0.40976834297180176,0.5450465679168701,1,2019-12-12 07:26:48.651320
0.4091922640800476,0.5456175804138184,1,2019-12-12 07:26:48.775876
0.4057244658470154,0.5490642786026001,1,2019-12-12 07:26:48.899770
0.4057464599609375,0.5490388870239258,1,2019-12-12 07:26:49.024119
0.4066471755504608,0.5481431484222412,1,2019-12-12 07:26:49.153322
0.4058319926261902,0.5489553213119507,1,2019-12-12 07:26:49.290957
0.40402087569236755,0.5507702827453613,1,2019-12-12 07:26:49.417131
0.4072745144367218,0.547515869140625,1,2019-12-12 07:26:49.545667
0.4049503207206726,0.5498358607292175,1,2019-12-12 07:26:49.670874
0.4061878025531769,0.5486013293266296,1,2019-12-12 07:26:49.793929
0.40501922369003296,0.5497651100158691,1,2019-12-12 07:26:49.917749
0.40361592173576355,0.5511741042137146,1,2019-12-12 07:26:50.042797
0.40124616026878357,0.5535628199577332,1,2019-12-12 07:26:50.167025
0.4050893783569336,0.5496932864189148,1,2019-12-12 07:26:50.294089
0.41613537073135376,0.5388153195381165,1,2019-12-12 07:26:50.427711
0.4099826216697693,0.5448316931724548,1,2019-12-12 07:26:50.559189
0.42674121260643005,0.528697669506073,1,2019-12-12 07:26:50.682862
0.4198891520500183,0.5351999998092651,1,2019-12-12 07:26:50.811832
0.41236239671707153,0.5424953103065491,1,2019-12-12 07:26:50.950488
0.40810057520866394,0.5466985702514648,1,2019-12-12 07:26:51.090021
0.406147301197052,0.5486411452293396,1,2019-12-12 07:26:51.231187
0.4064423441886902,0.548348605632782,1,2019-12-12 07:26:51.372924
0.40703028440475464,0.5477609634399414,1,2019-12-12 07:26:51.512139
0.4059475064277649,0.5488376021385193,1,2019-12-12 07:26:51.649740
0.4045122265815735,0.5502728819847107,1,2019-12-12 07:26:51.780575
0.40674757957458496,0.5480390191078186,1,2019-12-12 07:26:51.923130
0.40350091457366943,0.5512877702713013,1,2019-12-12 07:26:52.057872
0.4049226641654968,0.5498615503311157,1,2019-12-12 07:26:52.186856
0.40676259994506836,0.5480208992958069,1,2019-12-12 07:26:52.316010
0.4038967490196228,0.5508884787559509,1,2019-12-12 07:26:52.485173
0.4063548445701599,0.5484264492988586,1,2019-12-12 07:26:52.623466
0.40618428587913513,0.5485989451408386,1,2019-12-12 07:26:52.774213
0.3987034559249878,0.5561497807502747,1,2019-12-12 07:26:52.929614
0.3956979513168335,0.5592302680015564,1,2019-12-12 07:26:53.096652
0.472873717546463,0.48804914951324463,1,2019-12-12 07:26:53.256443
0.41844260692596436,0.5366066098213196,1,2019-12-12 07:26:53.441283
0.4180939197540283,0.5369455814361572,1,2019-12-12 07:26:53.588592
0.41692063212394714,0.5381057858467102,1,2019-12-12 07:26:53.731269
0.4020237624645233,0.552807092666626,1,2019-12-12 07:26:53.871673
0.40501850843429565,0.5497860312461853,1,2019-12-12 07:26:54.005230
0.4050079882144928,0.5497843027114868,1,2019-12-12 07:26:54.129059
0.40656960010528564,0.5482351779937744,1,2019-12-12 07:26:54.251120
0.4046916961669922,0.5501037240028381,1,2019-12-12 07:26:54.380107
0.405762255191803,0.549032986164093,1,2019-12-12 07:26:54.510794
0.4064239263534546,0.5483669638633728,1,2019-12-12 07:26:54.635083
0.404138445854187,0.5506569743156433,1,2019-12-12 07:26:54.762638
0.4110182523727417,0.5438219308853149,1,2019-12-12 07:26:54.885271
0.4010462462902069,0.5537761449813843,1,2019-12-12 07:26:55.007619
0.4092285633087158,0.5455795526504517,1,2019-12-12 07:26:55.129524
0.4028265178203583,0.5519731640815735,1,2019-12-12 07:26:55.250611
0.4095391631126404,0.5452736616134644,1,2019-12-12 07:26:55.373633
0.40311700105667114,0.5516802072525024,1,2019-12-12 07:26:55.495350
0.40666335821151733,0.5481476783752441,1,2019-12-12 07:26:55.617407
0.4070642590522766,0.5477409362792969,1,2019-12-12 07:26:55.743562
0.4015008509159088,0.5533237457275391,1,2019-12-12 07:26:55.873902
0.4089297354221344,0.5460161566734314,1,2019-12-12 07:26:56.012913
0.2964441180229187,0.684844434261322,1,2019-12-12 07:26:56.142018
0.32471388578414917,0.6447369456291199,1,2019-12-12 07:26:56.267768
0.3605901300907135,0.5995417237281799,1,2019-12-12 07:26:56.395601
0.40067538619041443,0.5556503534317017,1,2019-12-12 07:26:56.520268
0.4096606969833374,0.5456973910331726,1,2019-12-12 07:26:56.646374
0.40730953216552734,0.5479607582092285,1,2019-12-12 07:26:56.772760
0.3998897671699524,0.5553581118583679,1,2019-12-12 07:26:56.899509
0.4263628125190735,0.5296667814254761,1,2019-12-12 07:26:57.029968
0.4750362038612366,0.48737025260925293,1,2019-12-12 07:26:57.165232
0.4239407479763031,0.5345703959465027,1,2019-12-12 07:26:57.303531
0.46799856424331665,0.4952458143234253,1,2019-12-12 07:26:57.439628
0.3966834545135498,0.5601215362548828,1,2019-12-12 07:26:57.574104
0.41719692945480347,0.538462221622467,1,2019-12-12 07:26:57.709995
0.4004349112510681,0.5548189878463745,2,2019-12-12 07:26:57.826928
0.4083910882472992,0.5467193126678467,2,2019-12-12 07:26:57.962554
0.40886059403419495,0.5464342832565308,2,2019-12-12 07:26:58.085049
0.41003912687301636,0.5451188087463379,2,2019-12-12 07:26:58.208255
0.4082651138305664,0.5469767451286316,2,2019-12-12 07:26:58.330972
0.4037522077560425,0.5513715744018555,2,2019-12-12 07:26:58.457295
0.406896710395813,0.5481435656547546,2,2019-12-12 07:26:58.587688
0.40502381324768066,0.5499604940414429,2,2019-12-12 07:26:58.712669
0.4040714204311371,0.5508913397789001,2,2019-12-12 07:26:58.837769
0.4044082462787628,0.5505444407463074,2,2019-12-12 07:26:58.962964
0.40337494015693665,0.551602840423584,2,2019-12-12 07:26:59.091161
0.4102064371109009,0.544837236404419,2,2019-12-12 07:26:59.214353
0.4054434597492218,0.549522340297699,2,2019-12-12 07:26:59.338085
0.40536221861839294,0.5495447516441345,2,2019-12-12 07:26:59.467181
0.404815673828125,0.5501187443733215,2,2019-12-12 07:26:59.598038
0.40352287888526917,0.5513853430747986,2,2019-12-12 07:26:59.723263
0.40952783823013306,0.5453779697418213,2,2019-12-12 07:26:59.847796
0.4031238257884979,0.5517718195915222,2,2019-12-12 07:26:59.972173
0.40104788541793823,0.5538471937179565,2,2019-12-12 07:27:00.096892
0.40799111127853394,0.5468829274177551,2,2019-12-12 07:27:00.225159
0.40636733174324036,0.5484790802001953,2,2019-12-12 07:27:00.359272
0.4052751064300537,0.5495603084564209,2,2019-12-12 07:27:00.492249
0.40675437450408936,0.5480870604515076,2,2019-12-12 07:27:00.621258
0.4038268029689789,0.5510103702545166,2,2019-12-12 07:27:00.754449
0.4065077006816864,0.5483114123344421,2,2019-12-12 07:27:00.887591
0.40574145317077637,0.5490801334381104,2,2019-12-12 07:27:01.018209
0.4060555398464203,0.5487675666809082,2,2019-12-12 07:27:01.156291
0.40370601415634155,0.5511186122894287,2,2019-12-12 07:27:01.288404
0.40727412700653076,0.54755038022995,2,2019-12-12 07:27:01.417215
0.4008525013923645,0.554024875164032,2,2019-12-12 07:27:01.544592
0.48056599497795105,0.48180195689201355,2,2019-12-12 07:27:01.675488
0.43275418877601624,0.5236902236938477,2,2019-12-12 07:27:01.802987
0.4197999835014343,0.5354496240615845,2,2019-12-12 07:27:01.933932
0.4039120078086853,0.5513601899147034,2,2019-12-12 07:27:02.069800
0.3938543200492859,0.5615274906158447,2,2019-12-12 07:27:02.193998
0.4172554612159729,0.537971019744873,2,2019-12-12 07:27:02.327930
0.4053249955177307,0.5496403574943542,2,2019-12-12 07:27:02.455218
0.39409297704696655,0.5610448122024536,2,2019-12-12 07:27:02.580464
0.40365874767303467,0.55124431848526,2,2019-12-12 07:27:02.707664
0.40571415424346924,0.5492060780525208,2,2019-12-12 07:27:02.839867
0.4078701138496399,0.5470340251922607,2,2019-12-12 07:27:02.984288
0.40773501992225647,0.5471448302268982,2,2019-12-12 07:27:03.128514
0.40296852588653564,0.551903247833252,2,2019-12-12 07:27:03.270193
0.40535542368888855,0.5495074391365051,2,2019-12-12 07:27:03.405223
0.4086460769176483,0.5462144017219543,2,2019-12-12 07:27:03.533093
0.4072325825691223,0.5476078987121582,2,2019-12-12 07:27:03.657487
0.4064628481864929,0.5483698844909668,2,2019-12-12 07:27:03.781189
0.4014902412891388,0.5533501505851746,2,2019-12-12 07:27:03.910518
0.4040759205818176,0.5507476329803467,2,2019-12-12 07:27:04.038336
0.4058976173400879,0.5489160418510437,2,2019-12-12 07:27:04.175419
0.40598469972610474,0.5488249659538269,2,2019-12-12 07:27:04.314801
0.4053032398223877,0.5495095252990723,2,2019-12-12 07:27:04.452438
0.4065120816230774,0.5483021140098572,2,2019-12-12 07:27:04.592756
0.4094736576080322,0.545354425907135,2,2019-12-12 07:27:04.729307
0.4024597406387329,0.552358090877533,2,2019-12-12 07:27:04.874607
0.4062879979610443,0.5485138297080994,2,2019-12-12 07:27:05.022777
0.4042201638221741,0.5505841970443726,2,2019-12-12 07:27:05.160903
0.4056670069694519,0.5491330623626709,2,2019-12-12 07:27:05.289083
0.4069272577762604,0.5478742718696594,2,2019-12-12 07:27:05.433867
0.40414464473724365,0.5506658554077148,2,2019-12-12 07:27:05.582068
0.37665629386901855,0.5794582962989807,2,2019-12-12 07:27:05.729570
0.39863696694374084,0.5564202666282654,2,2019-12-12 07:27:05.856736
0.40300071239471436,0.5518646240234375,2,2019-12-12 07:27:06.001319
0.41148674488067627,0.5433738231658936,2,2019-12-12 07:27:06.150317
0.4018527865409851,0.5529768466949463,2,2019-12-12 07:27:06.298670
0.4071672558784485,0.5476403832435608,2,2019-12-12 07:27:06.445167
0.40340274572372437,0.5514479279518127,2,2019-12-12 07:27:06.590773
0.4070048928260803,0.5478275418281555,2,2019-12-12 07:27:06.733584
0.4046974778175354,0.5501200556755066,2,2019-12-12 07:27:06.879949
0.40518635511398315,0.5496272444725037,2,2019-12-12 07:27:07.018038
0.40538957715034485,0.5494181513786316,2,2019-12-12 07:27:07.159763
0.4053308367729187,0.5494866967201233,2,2019-12-12 07:27:07.296769
0.4062281548976898,0.5485995411872864,2,2019-12-12 07:27:07.434818
0.4065312147140503,0.5482842326164246,2,2019-12-12 07:27:07.566599
0.4048272967338562,0.5499769449234009,2,2019-12-12 07:27:07.691852
0.40524476766586304,0.5495634078979492,2,2019-12-12 07:27:07.818786
0.40445733070373535,0.5503571629524231,2,2019-12-12 07:27:07.954160
0.40250343084335327,0.5523214936256409,2,2019-12-12 07:27:08.079525
0.40378937125205994,0.5510178804397583,2,2019-12-12 07:27:08.204134
0.40650615096092224,0.5482996702194214,2,2019-12-12 07:27:08.332461
0.4047015905380249,0.5500983595848083,2,2019-12-12 07:27:08.464633
0.40625083446502686,0.5485467314720154,2,2019-12-12 07:27:08.598530
0.40507739782333374,0.5497182011604309,2,2019-12-12 07:27:08.721029
0.40621238946914673,0.5485804677009583,2,2019-12-12 07:27:08.843720
0.40624845027923584,0.5485455989837646,2,2019-12-12 07:27:08.970600
0.40527671575546265,0.549514889717102,2,2019-12-12 07:27:09.107664
0.40958598256111145,0.5452306270599365,2,2019-12-12 07:27:09.231348
0.40954428911209106,0.5452733635902405,2,2019-12-12 07:27:09.389034
0.4356343150138855,0.5204724669456482,2,2019-12-12 07:27:09.527600
0.42386648058891296,0.5314403176307678,2,2019-12-12 07:27:09.693794
0.42413216829299927,0.5311923027038574,2,2019-12-12 07:27:09.945839
0.4005297124385834,0.5543190240859985,2,2019-12-12 07:27:10.137559
0.39948976039886475,0.5553731918334961,2,2019-12-12 07:27:10.331754
0.4011593163013458,0.5536759495735168,2,2019-12-12 07:27:10.480698
0.40029841661453247,0.554545521736145,3,2019-12-12 07:27:10.653940
0.4087298512458801,0.5460903644561768,3,2019-12-12 07:27:10.794251
0.4045422673225403,0.5502604842185974,3,2019-12-12 07:27:10.926846
0.4046156406402588,0.550190806388855,3,2019-12-12 07:27:11.057227
0.4067244529724121,0.5480747222900391,3,2019-12-12 07:27:11.182061
0.40554654598236084,0.5492470264434814,3,2019-12-12 07:27:11.309651
0.40466758608818054,0.5501286387443542,3,2019-12-12 07:27:11.433472
0.4068966209888458,0.5479008555412292,3,2019-12-12 07:27:11.558856
0.4051327407360077,0.5496585369110107,3,2019-12-12 07:27:11.682441
0.40471702814102173,0.550072968006134,3,2019-12-12 07:27:11.805865
0.40613633394241333,0.5486530065536499,3,2019-12-12 07:27:11.934903
0.4064723551273346,0.5483182072639465,3,2019-12-12 07:27:12.062270
0.40535640716552734,0.5494309067726135,3,2019-12-12 07:27:12.188664
0.40501606464385986,0.5497703552246094,3,2019-12-12 07:27:12.314441
0.4056706428527832,0.5491170287132263,3,2019-12-12 07:27:12.439663
0.405728280544281,0.5490612983703613,3,2019-12-12 07:27:12.566320
0.40587007999420166,0.5489200353622437,3,2019-12-12 07:27:12.691209
0.40568989515304565,0.5490956902503967,3,2019-12-12 07:27:12.815733
0.4054970443248749,0.549287736415863,3,2019-12-12 07:27:12.941312
0.4054524600505829,0.5493322014808655,3,2019-12-12 07:27:13.066147
0.405222624540329,0.5495609641075134,3,2019-12-12 07:27:13.195351
0.40536797046661377,0.5494158267974854,3,2019-12-12 07:27:13.321499
0.4055420756340027,0.5492426156997681,3,2019-12-12 07:27:13.446722
0.40566882491111755,0.5491170287132263,3,2019-12-12 07:27:13.575117
0.4058407247066498,0.5489420890808105,3,2019-12-12 07:27:13.699813
0.40542489290237427,0.5493578910827637,3,2019-12-12 07:27:13.823526
0.4054563343524933,0.5493270754814148,3,2019-12-12 07:27:13.947025
0.4053424894809723,0.5494400262832642,3,2019-12-12 07:27:14.071103
0.40545654296875,0.5493247509002686,3,2019-12-12 07:27:14.194724
0.40591883659362793,0.5488637089729309,3,2019-12-12 07:27:14.318968
0.4055051803588867,0.5492771863937378,3,2019-12-12 07:27:14.448320
0.4053550362586975,0.5494276285171509,3,2019-12-12 07:27:14.571260
0.40582573413848877,0.5489562153816223,3,2019-12-12 07:27:14.696804
0.4053707420825958,0.5494098663330078,3,2019-12-12 07:27:14.825547
0.4053759276866913,0.5494062304496765,3,2019-12-12 07:27:14.961852
0.40565425157546997,0.5491260886192322,3,2019-12-12 07:27:15.096054
0.40522056818008423,0.5495604872703552,3,2019-12-12 07:27:15.223317
0.40550708770751953,0.5492724180221558,3,2019-12-12 07:27:15.348223
0.40563109517097473,0.5491487383842468,3,2019-12-12 07:27:15.475485
0.40490061044692993,0.5498794913291931,3,2019-12-12 07:27:15.605319
0.4058765769004822,0.5489034652709961,3,2019-12-12 07:27:15.741213
0.4054291844367981,0.5493493676185608,3,2019-12-12 07:27:15.866344
0.4049626886844635,0.549816906452179,3,2019-12-12 07:27:15.993012
0.4053300619125366,0.5494493246078491,3,2019-12-12 07:27:16.124610
0.40636059641838074,0.5484217405319214,3,2019-12-12 07:27:16.261245
0.4054992198944092,0.5492801666259766,3,2019-12-12 07:27:16.388930
0.4054020047187805,0.54937744140625,3,2019-12-12 07:27:16.516344
0.4054451584815979,0.5493330359458923,3,2019-12-12 07:27:16.644448
0.4050907790660858,0.5496880412101746,3,2019-12-12 07:27:16.779003
0.4053930640220642,0.5493851900100708,3,2019-12-12 07:27:16.902218
0.4062267243862152,0.5485526323318481,3,2019-12-12 07:27:17.035561
0.40562134981155396,0.5491581559181213,3,2019-12-12 07:27:17.167307
0.40536215901374817,0.5494164228439331,3,2019-12-12 07:27:17.290605
0.404651403427124,0.5501273274421692,3,2019-12-12 07:27:17.415566
0.4044501781463623,0.5503293871879578,3,2019-12-12 07:27:17.539510
0.4048920273780823,0.5498859882354736,3,2019-12-12 07:27:17.664230
0.405423104763031,0.549355149269104,3,2019-12-12 07:27:17.788119
0.4056607782840729,0.5491164326667786,3,2019-12-12 07:27:17.912474
0.40558749437332153,0.5491902232170105,3,2019-12-12 07:27:18.036789
0.40550631284713745,0.5492715239524841,3,2019-12-12 07:27:18.161729
0.40657758712768555,0.5482010841369629,3,2019-12-12 07:27:18.291276
0.4068087339401245,0.5479716658592224,3,2019-12-12 07:27:18.416143
0.4066447913646698,0.5481346249580383,3,2019-12-12 07:27:18.540283
0.4047682285308838,0.5500097274780273,3,2019-12-12 07:27:18.665769
0.4043053388595581,0.550474226474762,3,2019-12-12 07:27:18.789895
0.40599584579467773,0.5487814545631409,3,2019-12-12 07:27:18.913434
0.40567249059677124,0.5491050481796265,3,2019-12-12 07:27:19.037069
0.40761059522628784,0.5471730828285217,3,2019-12-12 07:27:19.160857
0.4074796736240387,0.5473031997680664,3,2019-12-12 07:27:19.283979
0.40399229526519775,0.5507878661155701,3,2019-12-12 07:27:19.411658
0.4066375494003296,0.5481414794921875,3,2019-12-12 07:27:19.549614
0.40513378381729126,0.5496423840522766,3,2019-12-12 07:27:19.677331
0.4052894711494446,0.5494871735572815,3,2019-12-12 07:27:19.802902
0.4065980613231659,0.5481794476509094,3,2019-12-12 07:27:19.926931
0.41050735116004944,0.5443066954612732,3,2019-12-12 07:27:20.050755
0.4038422107696533,0.550938606262207,3,2019-12-12 07:27:20.175004
0.4069162905216217,0.5478633046150208,3,2019-12-12 07:27:20.299769
0.40637826919555664,0.5483992695808411,3,2019-12-12 07:27:20.424630
0.4052135944366455,0.5495628118515015,3,2019-12-12 07:27:20.548774
0.4070024788379669,0.5477772355079651,3,2019-12-12 07:27:20.674800
0.40657609701156616,0.5482022762298584,3,2019-12-12 07:27:20.804395
0.40453654527664185,0.5502410531044006,3,2019-12-12 07:27:20.928458
0.4072667360305786,0.5475142598152161,3,2019-12-12 07:27:21.053785
0.4031519889831543,0.551632285118103,3,2019-12-12 07:27:21.179243
0.40706667304039,0.5477133989334106,3,2019-12-12 07:27:21.303995
0.4046901762485504,0.5500867962837219,3,2019-12-12 07:27:21.428750
0.40519237518310547,0.5495837330818176,3,2019-12-12 07:27:21.552503
0.4058613181114197,0.5489153265953064,3,2019-12-12 07:27:21.675577
0.40892350673675537,0.545870304107666,3,2019-12-12 07:27:21.797627
0.41540831327438354,0.539512574672699,3,2019-12-12 07:27:21.921262
0.39989882707595825,0.554923951625824,3,2019-12-12 07:27:22.050719
0.40828436613082886,0.5465033650398254,3,2019-12-12 07:27:22.175410
0.40331709384918213,0.5514664649963379,3,2019-12-12 07:27:22.298521
0.40661048889160156,0.5481671690940857,3,2019-12-12 07:27:22.422110
0.40011388063430786,0.5547053217887878,4,2019-12-12 07:27:22.529445
0.41384416818618774,0.5410358309745789,4,2019-12-12 07:27:22.655146
0.4031919240951538,0.5515921115875244,4,2019-12-12 07:27:22.782873
0.40678903460502625,0.5479894876480103,4,2019-12-12 07:27:22.919000
0.40376824140548706,0.5510121583938599,4,2019-12-12 07:27:23.048785
0.406268447637558,0.548507809638977,4,2019-12-12 07:27:23.176789
0.4042191803455353,0.5505592226982117,4,2019-12-12 07:27:23.313845
0.40823858976364136,0.5465489625930786,4,2019-12-12 07:27:23.449852
0.40521299839019775,0.5495628118515015,4,2019-12-12 07:27:23.584916
0.41725996136665344,0.5377199053764343,4,2019-12-12 07:27:23.720891
0.39997178316116333,0.554850161075592,4,2019-12-12 07:27:23.860836
0.40771791338920593,0.5470666289329529,4,2019-12-12 07:27:23.998247
0.40343356132507324,0.5513487458229065,4,2019-12-12 07:27:24.128019
0.41116631031036377,0.5436598062515259,4,2019-12-12 07:27:24.253014
0.4227706491947174,0.5324701070785522,4,2019-12-12 07:27:24.378315
0.28318488597869873,0.7001891732215881,4,2019-12-12 07:27:24.504142
0.34419727325439453,0.6199702620506287,4,2019-12-12 07:27:24.630882
0.402670681476593,0.5541662573814392,4,2019-12-12 07:27:24.756837
0.4244382083415985,0.5313992500305176,4,2019-12-12 07:27:24.884064
0.391812264919281,0.5635274052619934,4,2019-12-12 07:27:25.008905
0.3964827358722687,0.5586184859275818,4,2019-12-12 07:27:25.139508
0.4017106890678406,0.5532416105270386,4,2019-12-12 07:27:25.265023
0.4091551899909973,0.5458683371543884,4,2019-12-12 07:27:25.391542
0.4033491015434265,0.5515962243080139,4,2019-12-12 07:27:25.516717
0.41496652364730835,0.5400280356407166,4,2019-12-12 07:27:25.642888
0.4087017774581909,0.5461597442626953,4,2019-12-12 07:27:25.769043
0.4035261869430542,0.5513249635696411,4,2019-12-12 07:27:25.894747
0.4025319516658783,0.5523239970207214,4,2019-12-12 07:27:26.020737
0.40339046716690063,0.5514401197433472,4,2019-12-12 07:27:26.147946
0.4050169587135315,0.5498067736625671,4,2019-12-12 07:27:26.273804
0.4058014154434204,0.5490210652351379,4,2019-12-12 07:27:26.405217
0.40577149391174316,0.5490460395812988,4,2019-12-12 07:27:26.531668
0.40538689494132996,0.5494248867034912,4,2019-12-12 07:27:26.657758
0.4052751660346985,0.5495321750640869,4,2019-12-12 07:27:26.784075
0.40550467371940613,0.5493056178092957,4,2019-12-12 07:27:26.923793
0.40551406145095825,0.5492863059043884,4,2019-12-12 07:27:27.055306
0.40545064210891724,0.5493529438972473,4,2019-12-12 07:27:27.182084
0.4054274559020996,0.5493708252906799,4,2019-12-12 07:27:27.312890
0.4054934084415436,0.5493038296699524,4,2019-12-12 07:27:27.451435
0.4054693579673767,0.5493273138999939,4,2019-12-12 07:27:27.587514
0.40546292066574097,0.5493338704109192,4,2019-12-12 07:27:27.723894
0.40542691946029663,0.5493666529655457,4,2019-12-12 07:27:27.848320
0.405500590801239,0.549292266368866,4,2019-12-12 07:27:27.974843
0.4054281413555145,0.5493658781051636,4,2019-12-12 07:27:28.100029
0.4055693745613098,0.5492242574691772,4,2019-12-12 07:27:28.225306
0.4053751230239868,0.5494166612625122,4,2019-12-12 07:27:28.351776
0.40561404824256897,0.5491783022880554,4,2019-12-12 07:27:28.489180
0.40530794858932495,0.5494824051856995,4,2019-12-12 07:27:28.625003
0.4053484797477722,0.5494399666786194,4,2019-12-12 07:27:28.754631
0.40564990043640137,0.5491385459899902,4,2019-12-12 07:27:28.882260
0.4056629538536072,0.5491273999214172,4,2019-12-12 07:27:29.014931
0.40548789501190186,0.5493032932281494,4,2019-12-12 07:27:29.140922
0.4052621126174927,0.5495282411575317,4,2019-12-12 07:27:29.265726
0.4058499038219452,0.5489379167556763,4,2019-12-12 07:27:29.391594
0.404996395111084,0.5497915744781494,4,2019-12-12 07:27:29.515699
0.40575551986694336,0.5490305423736572,4,2019-12-12 07:27:29.648596
0.4052079916000366,0.5495821237564087,4,2019-12-12 07:27:29.781379
0.403825044631958,0.5509690642356873,4,2019-12-12 07:27:29.912579
0.43336915969848633,0.522539496421814,4,2019-12-12 07:27:30.037101
0.3901825249195099,0.5652449727058411,4,2019-12-12 07:27:30.160937
0.4103928804397583,0.544582724571228,4,2019-12-12 07:27:30.289887
0.4137968122959137,0.5411890149116516,4,2019-12-12 07:27:30.414865
0.4028295874595642,0.5520145297050476,4,2019-12-12 07:27:30.538651
0.40355247259140015,0.5512633323669434,4,2019-12-12 07:27:30.662063
0.4071931838989258,0.5476154088973999,4,2019-12-12 07:27:30.786131
0.40549618005752563,0.5493017435073853,4,2019-12-12 07:27:30.910471
0.4052019715309143,0.5495951175689697,4,2019-12-12 07:27:31.033911
0.4056238532066345,0.549168586730957,4,2019-12-12 07:27:31.158015
0.4054437279701233,0.5493481755256653,4,2019-12-12 07:27:31.283995
0.4055402874946594,0.549251914024353,4,2019-12-12 07:27:31.409281
0.4054679572582245,0.5493217706680298,4,2019-12-12 07:27:31.539979
0.4055137038230896,0.5492743253707886,4,2019-12-12 07:27:31.663563
0.4054467976093292,0.5493409633636475,4,2019-12-12 07:27:31.789206
0.40545421838760376,0.5493316054344177,4,2019-12-12 07:27:31.913657
0.4053448438644409,0.5494411587715149,4,2019-12-12 07:27:32.037929
0.4054569602012634,0.5493298768997192,4,2019-12-12 07:27:32.161888
0.4054345488548279,0.5493523478507996,4,2019-12-12 07:27:32.288090
0.4054614305496216,0.5493245720863342,4,2019-12-12 07:27:32.413412
0.4055338501930237,0.5492501258850098,4,2019-12-12 07:27:32.536921
0.4055215120315552,0.549263060092926,4,2019-12-12 07:27:32.662395
0.4055336117744446,0.5492500066757202,4,2019-12-12 07:27:32.792712
0.4055061936378479,0.5492755174636841,4,2019-12-12 07:27:32.918314
0.405489981174469,0.5492918491363525,4,2019-12-12 07:27:33.042536
0.40548765659332275,0.5492936968803406,4,2019-12-12 07:27:33.166953
0.4054706394672394,0.5493109226226807,4,2019-12-12 07:27:33.294134
0.4054769277572632,0.5493050217628479,4,2019-12-12 07:27:33.420159
0.40548235177993774,0.5492986440658569,4,2019-12-12 07:27:33.544509
0.4054766893386841,0.5493058562278748,4,2019-12-12 07:27:33.670531
0.40548837184906006,0.5492921471595764,4,2019-12-12 07:27:33.798007
0.4054584503173828,0.549321711063385,4,2019-12-12 07:27:33.924635
0.4054677486419678,0.5493120551109314,4,2019-12-12 07:27:34.057174
0.40547406673431396,0.549306333065033,4,2019-12-12 07:27:34.183543
0.40549033880233765,0.5492907762527466,4,2019-12-12 07:27:34.311479
0.4054688811302185,0.5493100881576538,4,2019-12-12 07:27:34.437555
0.40548497438430786,0.5492944717407227,5,2019-12-12 07:27:34.545985
0.40546348690986633,0.5493160486221313,5,2019-12-12 07:27:34.672467
0.40542250871658325,0.5493574142456055,5,2019-12-12 07:27:34.796160
0.405483216047287,0.5492958426475525,5,2019-12-12 07:27:34.921628
0.40546566247940063,0.549312949180603,5,2019-12-12 07:27:35.045943
0.4054490625858307,0.5493289232254028,5,2019-12-12 07:27:35.169969
0.4054797291755676,0.5492988228797913,5,2019-12-12 07:27:35.296122
0.4054548144340515,0.5493248701095581,5,2019-12-12 07:27:35.421194
0.4054681360721588,0.5493106842041016,5,2019-12-12 07:27:35.544989
0.4054717719554901,0.5493054986000061,5,2019-12-12 07:27:35.669335
0.40545469522476196,0.5493232607841492,5,2019-12-12 07:27:35.798932
0.4054727554321289,0.5493049025535583,5,2019-12-12 07:27:35.924573
0.4054456353187561,0.549331545829773,5,2019-12-12 07:27:36.048227
0.40547025203704834,0.5493068695068359,5,2019-12-12 07:27:36.171012
0.40546876192092896,0.5493090152740479,5,2019-12-12 07:27:36.297237
0.405448317527771,0.5493301153182983,5,2019-12-12 07:27:36.422974
0.4054592549800873,0.5493194460868835,5,2019-12-12 07:27:36.548121
0.4054523706436157,0.5493249297142029,5,2019-12-12 07:27:36.673228
0.40548622608184814,0.5492903590202332,5,2019-12-12 07:27:36.800324
0.4054521322250366,0.5493249297142029,5,2019-12-12 07:27:36.927153
0.4054773449897766,0.5492996573448181,5,2019-12-12 07:27:37.057364
0.40548640489578247,0.549290120601654,5,2019-12-12 07:27:37.181957
0.40544116497039795,0.5493366122245789,5,2019-12-12 07:27:37.307746
0.40546512603759766,0.5493126511573792,5,2019-12-12 07:27:37.434169
0.4054880440235138,0.5492885708808899,5,2019-12-12 07:27:37.559397
0.4054662585258484,0.5493097305297852,5,2019-12-12 07:27:37.684552
0.40545839071273804,0.5493181347846985,5,2019-12-12 07:27:37.810476
0.4054516553878784,0.549325168132782,5,2019-12-12 07:27:37.935965
0.40545639395713806,0.5493195652961731,5,2019-12-12 07:27:38.061825
0.4054608941078186,0.549315333366394,5,2019-12-12 07:27:38.187137
0.4054672122001648,0.549309492111206,5,2019-12-12 07:27:38.318334
0.4054652452468872,0.5493111610412598,5,2019-12-12 07:27:38.444192
0.40545403957366943,0.5493221879005432,5,2019-12-12 07:27:38.569381
0.40546053647994995,0.5493152737617493,5,2019-12-12 07:27:38.694204
0.40545299649238586,0.5493236780166626,5,2019-12-12 07:27:38.819584
0.4054575562477112,0.5493176579475403,5,2019-12-12 07:27:38.946725
0.4054686427116394,0.5493075847625732,5,2019-12-12 07:27:39.071330
0.4054821729660034,0.5492931604385376,5,2019-12-12 07:27:39.196198
0.4054972529411316,0.5492780208587646,5,2019-12-12 07:27:39.323642
0.4054609537124634,0.5493144989013672,5,2019-12-12 07:27:39.449614
0.40545159578323364,0.5493238568305969,5,2019-12-12 07:27:39.581148
0.4054704010486603,0.5493046641349792,5,2019-12-12 07:27:39.707007
0.40547725558280945,0.5492978096008301,5,2019-12-12 07:27:39.833309
0.4054526388645172,0.5493226647377014,5,2019-12-12 07:27:39.960340
0.40546542406082153,0.5493100881576538,5,2019-12-12 07:27:40.086277
0.40550917387008667,0.54926598072052,5,2019-12-12 07:27:40.212786
0.40549641847610474,0.549278974533081,5,2019-12-12 07:27:40.341341
0.40546441078186035,0.5493105053901672,5,2019-12-12 07:27:40.469506
0.40551435947418213,0.5492602586746216,5,2019-12-12 07:27:40.596153
0.40570002794265747,0.5490748286247253,5,2019-12-12 07:27:40.722605
0.40688303112983704,0.5478948950767517,5,2019-12-12 07:27:40.854606
0.4161146283149719,0.5388277173042297,5,2019-12-12 07:27:40.980905
0.4004088044166565,0.5544050931930542,5,2019-12-12 07:27:41.107227
0.4033239483833313,0.5514575242996216,5,2019-12-12 07:27:41.232989
0.4058316946029663,0.5489432215690613,5,2019-12-12 07:27:41.362874
0.406582236289978,0.5481939315795898,5,2019-12-12 07:27:41.489715
0.40613698959350586,0.5486387610435486,5,2019-12-12 07:27:41.616345
0.40563464164733887,0.5491398572921753,5,2019-12-12 07:27:41.750900
0.4054112434387207,0.5493635535240173,5,2019-12-12 07:27:41.890162
0.40536972880363464,0.5494053959846497,5,2019-12-12 07:27:42.015132
0.4053906798362732,0.5493838787078857,5,2019-12-12 07:27:42.145388
0.4054247736930847,0.5493497252464294,5,2019-12-12 07:27:42.269871
0.4054373800754547,0.5493372082710266,5,2019-12-12 07:27:42.396041
0.40544939041137695,0.5493248105049133,5,2019-12-12 07:27:42.520050
0.40546050667762756,0.549314022064209,5,2019-12-12 07:27:42.644515
0.4054766893386841,0.549297571182251,5,2019-12-12 07:27:42.773747
0.4054711163043976,0.5493033528327942,5,2019-12-12 07:27:42.909852
0.40546226501464844,0.5493118762969971,5,2019-12-12 07:27:43.036349
0.40545544028282166,0.549318790435791,5,2019-12-12 07:27:43.163233
0.40546831488609314,0.5493061542510986,5,2019-12-12 07:27:43.290075
0.40547269582748413,0.5493015050888062,5,2019-12-12 07:27:43.425339
0.40545400977134705,0.5493200421333313,5,2019-12-12 07:27:43.551417
0.4054490923881531,0.5493249893188477,5,2019-12-12 07:27:43.678177
0.40547141432762146,0.5493023991584778,5,2019-12-12 07:27:43.805386
0.40546295046806335,0.5493109822273254,5,2019-12-12 07:27:43.935352
0.40546005964279175,0.5493140816688538,5,2019-12-12 07:27:44.060319
0.40543341636657715,0.5493409037590027,5,2019-12-12 07:27:44.184773
0.4054507613182068,0.5493234395980835,5,2019-12-12 07:27:44.310292
0.4054828882217407,0.5492910146713257,5,2019-12-12 07:27:44.437908
0.4056010842323303,0.5491729974746704,5,2019-12-12 07:27:44.562013
0.40618300437927246,0.5485916137695312,5,2019-12-12 07:27:44.692238
0.4116728603839874,0.5431579351425171,5,2019-12-12 07:27:44.816799
0.40250545740127563,0.5522814393043518,5,2019-12-12 07:27:44.942143
0.40325355529785156,0.5515275001525879,5,2019-12-12 07:27:45.066568
0.40231555700302124,0.5524731278419495,5,2019-12-12 07:27:45.190495
0.40477436780929565,0.5500003695487976,5,2019-12-12 07:27:45.314985
0.4063568115234375,0.5484182238578796,5,2019-12-12 07:27:45.442404
0.40600472688674927,0.548770010471344,5,2019-12-12 07:27:45.566061
0.40540772676467896,0.5493660569190979,5,2019-12-12 07:27:45.690779
0.4052547216415405,0.5495190024375916,5,2019-12-12 07:27:45.815114
0.4053295850753784,0.5494440793991089,5,2019-12-12 07:27:45.948193
0.4054192900657654,0.5493544936180115,5,2019-12-12 07:27:46.075249
0.40545955300331116,0.5493146181106567,5,2019-12-12 07:27:46.200657
0.4054751396179199,0.5492982864379883,5,2019-12-12 07:27:46.325632
0.4054482877254486,0.5493253469467163,6,2019-12-12 07:27:46.443387
0.4054601192474365,0.5493136048316956,6,2019-12-12 07:27:46.580502
0.40545788407325745,0.5493159890174866,6,2019-12-12 07:27:46.708207
0.4054555892944336,0.5493180155754089,6,2019-12-12 07:27:46.835492
0.4054670035839081,0.5493064522743225,6,2019-12-12 07:27:46.977570
0.4054638147354126,0.5493095517158508,6,2019-12-12 07:27:47.125434
0.40546631813049316,0.5493072271347046,6,2019-12-12 07:27:47.270749
0.40547072887420654,0.5493032336235046,6,2019-12-12 07:27:47.404823
0.40545785427093506,0.5493157505989075,6,2019-12-12 07:27:47.534067
0.4054628014564514,0.5493103265762329,6,2019-12-12 07:27:47.670140
0.4054660201072693,0.5493074059486389,6,2019-12-12 07:27:47.809282
0.40546074509620667,0.5493126511573792,6,2019-12-12 07:27:47.938868
0.40546706318855286,0.5493062138557434,6,2019-12-12 07:27:48.068218
0.4054628610610962,0.5493103861808777,6,2019-12-12 07:27:48.194231
0.40545785427093506,0.5493156313896179,6,2019-12-12 07:27:48.322409
0.40547531843185425,0.5492984056472778,6,2019-12-12 07:27:48.449548
0.4054403305053711,0.5493335127830505,6,2019-12-12 07:27:48.583582
0.40543362498283386,0.5493397116661072,6,2019-12-12 07:27:48.717747
0.4054717719554901,0.5493013262748718,6,2019-12-12 07:27:48.852773
0.40550166368484497,0.5492716431617737,6,2019-12-12 07:27:48.986334
0.40565046668052673,0.5491228699684143,6,2019-12-12 07:27:49.120835
0.40701401233673096,0.5477627515792847,6,2019-12-12 07:27:49.247931
0.4208737909793854,0.5342470407485962,6,2019-12-12 07:27:49.375403
0.40317875146865845,0.5516029596328735,6,2019-12-12 07:27:49.504778
0.40805816650390625,0.5467252731323242,6,2019-12-12 07:27:49.632390
0.4081948399543762,0.5465895533561707,6,2019-12-12 07:27:49.766897
0.40496397018432617,0.5498098731040955,6,2019-12-12 07:27:49.907670
0.4044778048992157,0.550297200679779,6,2019-12-12 07:27:50.040828
0.405499666929245,0.5492735505104065,6,2019-12-12 07:27:50.179279
0.40581780672073364,0.5489557385444641,6,2019-12-12 07:27:50.317872
0.4055984616279602,0.5491751432418823,6,2019-12-12 07:27:50.461619
0.40542423725128174,0.5493492484092712,6,2019-12-12 07:27:50.590775
0.4053983986377716,0.549375057220459,6,2019-12-12 07:27:50.718512
0.40542688965797424,0.5493463277816772,6,2019-12-12 07:27:50.857465
0.40544790029525757,0.5493257641792297,6,2019-12-12 07:27:50.996796
0.40545859932899475,0.5493143796920776,6,2019-12-12 07:27:51.129967
0.4054628014564514,0.549310564994812,6,2019-12-12 07:27:51.257256
0.405470073223114,0.5493030548095703,6,2019-12-12 07:27:51.388666
0.4054645299911499,0.5493085384368896,6,2019-12-12 07:27:51.523565
0.4054574966430664,0.5493156313896179,6,2019-12-12 07:27:51.662155
0.4054562449455261,0.5493168830871582,6,2019-12-12 07:27:51.805199
0.4054596722126007,0.5493132472038269,6,2019-12-12 07:27:51.941245
0.40546420216560364,0.5493088364601135,6,2019-12-12 07:27:52.072941
0.405468612909317,0.5493044257164001,6,2019-12-12 07:27:52.206999
0.40546083450317383,0.5493123531341553,6,2019-12-12 07:27:52.348767
0.40546032786369324,0.5493126511573792,6,2019-12-12 07:27:52.538999
0.4054683446884155,0.5493047833442688,6,2019-12-12 07:27:52.706641
0.40546277165412903,0.5493101477622986,6,2019-12-12 07:27:52.889422
0.40547269582748413,0.5493001341819763,6,2019-12-12 07:27:53.040777
0.4054587185382843,0.5493141412734985,6,2019-12-12 07:27:53.223915
0.4054679274559021,0.5493050217628479,6,2019-12-12 07:27:53.556377
0.4054524898529053,0.549320638179779,6,2019-12-12 07:27:53.742357
0.4054533839225769,0.5493196845054626,6,2019-12-12 07:27:53.892632
0.4054809510707855,0.5492917895317078,6,2019-12-12 07:27:54.108611
0.4055064618587494,0.5492663383483887,6,2019-12-12 07:27:54.275596
0.405681848526001,0.5490908026695251,6,2019-12-12 07:27:54.422274
0.4072825312614441,0.5474953651428223,6,2019-12-12 07:27:54.572729
0.4191415011882782,0.5359054803848267,6,2019-12-12 07:27:54.725363
0.4008600413799286,0.5539449453353882,6,2019-12-12 07:27:54.868263
0.4019628167152405,0.552828848361969,6,2019-12-12 07:27:55.017616
0.4035182595252991,0.5512603521347046,6,2019-12-12 07:27:55.167463
0.40443915128707886,0.5503353476524353,6,2019-12-12 07:27:55.306930
0.404895156621933,0.5498782396316528,6,2019-12-12 07:27:55.450495
0.40510034561157227,0.5496726036071777,6,2019-12-12 07:27:55.592097
0.4052044451236725,0.5495685935020447,6,2019-12-12 07:27:55.736670
0.40529119968414307,0.5494816303253174,6,2019-12-12 07:27:55.881138
0.40537312626838684,0.5493997931480408,6,2019-12-12 07:27:56.015430
0.40545010566711426,0.5493226647377014,6,2019-12-12 07:27:56.161130
0.405486524105072,0.5492863059043884,6,2019-12-12 07:27:56.311199
0.40547943115234375,0.5492935180664062,6,2019-12-12 07:27:56.452240
0.4054598808288574,0.5493128895759583,6,2019-12-12 07:27:56.598574
0.4054585099220276,0.5493141412734985,6,2019-12-12 07:27:56.739771
0.4054683744907379,0.5493043661117554,6,2019-12-12 07:27:56.869976
0.40545138716697693,0.549321174621582,6,2019-12-12 07:27:57.002673
0.40547892451286316,0.5492936968803406,6,2019-12-12 07:27:57.147383
0.40545791387557983,0.5493149161338806,6,2019-12-12 07:27:57.286279
0.4054683446884155,0.5493045449256897,6,2019-12-12 07:27:57.423906
0.40546995401382446,0.549302875995636,6,2019-12-12 07:27:57.561142
0.40545499324798584,0.5493175983428955,6,2019-12-12 07:27:57.706382
0.40545135736465454,0.5493213534355164,6,2019-12-12 07:27:57.846629
0.40547266602516174,0.549299955368042,6,2019-12-12 07:27:57.994130
0.4054886996746063,0.5492837429046631,6,2019-12-12 07:27:58.138328
0.4055742025375366,0.5491982698440552,6,2019-12-12 07:27:58.285055
0.40622860193252563,0.548544704914093,6,2019-12-12 07:27:58.425037
0.41313305497169495,0.5417265295982361,6,2019-12-12 07:27:58.555370
0.39988523721694946,0.5549346208572388,6,2019-12-12 07:27:58.695234
0.4023430347442627,0.5524442791938782,6,2019-12-12 07:27:58.832168
0.402030885219574,0.5527598857879639,6,2019-12-12 07:27:58.971472
0.4042874574661255,0.5504873394966125,6,2019-12-12 07:27:59.111693
0.40606170892715454,0.5487114787101746,6,2019-12-12 07:27:59.251529
0.4061860144138336,0.5485873818397522,6,2019-12-12 07:27:59.404989
0.405728280544281,0.5490446090698242,6,2019-12-12 07:27:59.553789
0.40543460845947266,0.5493383407592773,6,2019-12-12 07:27:59.698673
0.4053593575954437,0.5494131445884705,6,2019-12-12 07:27:59.843974
0.4054766893386841,0.549295961856842,7,2019-12-12 07:27:59.967902
0.4054505228996277,0.5493221282958984,7,2019-12-12 07:28:00.115451
0.4054514169692993,0.5493212938308716,7,2019-12-12 07:28:00.264060
0.4054564833641052,0.5493161678314209,7,2019-12-12 07:28:00.414464
0.4054620862007141,0.5493105053901672,7,2019-12-12 07:28:00.565220
0.4054667353630066,0.5493057370185852,7,2019-12-12 07:28:00.720385
0.40547043085098267,0.5493021011352539,7,2019-12-12 07:28:00.873231
0.405472993850708,0.5492998361587524,7,2019-12-12 07:28:01.017680
0.40546876192092896,0.5493038296699524,7,2019-12-12 07:28:01.152529
0.4054638743400574,0.5493084788322449,7,2019-12-12 07:28:01.287534
0.4054645299911499,0.5493080019950867,7,2019-12-12 07:28:01.431679
0.40546369552612305,0.5493087768554688,7,2019-12-12 07:28:01.569099
0.4054631292819977,0.549309253692627,7,2019-12-12 07:28:01.710754
0.40546858310699463,0.5493038296699524,7,2019-12-12 07:28:01.850979
0.40546226501464844,0.5493102669715881,7,2019-12-12 07:28:01.990501
0.4054667055606842,0.5493060350418091,7,2019-12-12 07:28:02.129040
0.4054645299911499,0.549308180809021,7,2019-12-12 07:28:02.266750
0.4054616093635559,0.5493108630180359,7,2019-12-12 07:28:02.396411
0.40546756982803345,0.549304723739624,7,2019-12-12 07:28:02.523743
0.4054611623287201,0.5493112802505493,7,2019-12-12 07:28:02.650429
0.4054441750049591,0.5493282675743103,7,2019-12-12 07:28:02.783671
0.40542685985565186,0.5493454933166504,7,2019-12-12 07:28:02.926196
0.40532881021499634,0.5494439005851746,7,2019-12-12 07:28:03.074578
0.4046667218208313,0.550106942653656,7,2019-12-12 07:28:03.218868
0.3984271287918091,0.5564204454421997,7,2019-12-12 07:28:03.357692
0.4082947373390198,0.5464895963668823,7,2019-12-12 07:28:03.491185
0.40512990951538086,0.5496427416801453,7,2019-12-12 07:28:03.631764
0.40696150064468384,0.5478144288063049,7,2019-12-12 07:28:03.777484
0.40731772780418396,0.5474598407745361,7,2019-12-12 07:28:03.920361
0.4065314531326294,0.5482428073883057,7,2019-12-12 07:28:04.067988
0.4057829976081848,0.5489898920059204,7,2019-12-12 07:28:04.212825
0.4054344892501831,0.549338161945343,7,2019-12-12 07:28:04.359220
0.40535417199134827,0.5494184494018555,7,2019-12-12 07:28:04.498603
0.40536922216415405,0.549403190612793,7,2019-12-12 07:28:04.636728
0.4054039716720581,0.5493687391281128,7,2019-12-12 07:28:04.780916
0.4054332971572876,0.5493390560150146,7,2019-12-12 07:28:04.921665
0.4054522216320038,0.5493203997612,7,2019-12-12 07:28:05.061515
0.40546515583992004,0.5493072271347046,7,2019-12-12 07:28:05.198436
0.4054730534553528,0.5492992997169495,7,2019-12-12 07:28:05.344782
0.4054710268974304,0.5493014454841614,7,2019-12-12 07:28:05.482959
0.4054686725139618,0.5493038296699524,7,2019-12-12 07:28:05.617641
0.4054638147354126,0.5493084788322449,7,2019-12-12 07:28:05.744801
0.40546339750289917,0.5493089556694031,7,2019-12-12 07:28:05.880952
0.40546342730522156,0.5493089556694031,7,2019-12-12 07:28:06.024756
0.4054645299911499,0.5493079423904419,7,2019-12-12 07:28:06.169171
0.4054678976535797,0.5493044257164001,7,2019-12-12 07:28:06.306245
0.4054632782936096,0.5493091344833374,7,2019-12-12 07:28:06.449590
0.40546464920043945,0.5493075847625732,7,2019-12-12 07:28:06.590417
0.40546074509620667,0.5493115186691284,7,2019-12-12 07:28:06.733518
0.4054666757583618,0.5493055582046509,7,2019-12-12 07:28:06.876818
0.40546494722366333,0.5493072867393494,7,2019-12-12 07:28:07.031779
0.4054628014564514,0.5493096113204956,7,2019-12-12 07:28:07.172700
0.40545886754989624,0.5493135452270508,7,2019-12-12 07:28:07.317405
0.4054480493068695,0.5493241548538208,7,2019-12-12 07:28:07.460000
0.4053814709186554,0.5493907928466797,7,2019-12-12 07:28:07.599591
0.4048289656639099,0.5499436855316162,7,2019-12-12 07:28:07.736902
0.3982730805873871,0.556577742099762,7,2019-12-12 07:28:07.867627
0.4113352298736572,0.5434881448745728,7,2019-12-12 07:28:08.003195
0.4100484848022461,0.544755220413208,7,2019-12-12 07:28:08.135007
0.40884941816329956,0.5459402203559875,7,2019-12-12 07:28:08.278825
0.4047894775867462,0.549983561038971,7,2019-12-12 07:28:08.432750
0.40422895550727844,0.5505457520484924,7,2019-12-12 07:28:08.578190
0.4055604338645935,0.5492119789123535,7,2019-12-12 07:28:08.720938
0.40591487288475037,0.5488577485084534,7,2019-12-12 07:28:08.867496
0.4055933356285095,0.5491790175437927,7,2019-12-12 07:28:09.006371
0.4053798317909241,0.549392580986023,7,2019-12-12 07:28:09.154752
0.40536993741989136,0.5494024157524109,7,2019-12-12 07:28:09.299712
0.4054192900657654,0.5493530035018921,7,2019-12-12 07:28:09.441314
0.40545251965522766,0.5493198037147522,7,2019-12-12 07:28:09.569306
0.4054652154445648,0.5493071675300598,7,2019-12-12 07:28:09.702117
0.40546715259552,0.5493051409721375,7,2019-12-12 07:28:09.852370
0.40546655654907227,0.5493057370185852,7,2019-12-12 07:28:09.998508
0.405466765165329,0.5493054986000061,7,2019-12-12 07:28:10.144402
0.4054638743400574,0.5493083000183105,7,2019-12-12 07:28:10.291373
0.4054642617702484,0.5493079423904419,7,2019-12-12 07:28:10.435842
0.40546301007270813,0.549309253692627,7,2019-12-12 07:28:10.583644
0.40546464920043945,0.5493077635765076,7,2019-12-12 07:28:10.724605
0.4054650664329529,0.5493072867393494,7,2019-12-12 07:28:10.862337
0.405462384223938,0.5493098497390747,7,2019-12-12 07:28:10.997372
0.4054654836654663,0.5493068099021912,7,2019-12-12 07:28:11.134708
0.40546512603759766,0.5493070483207703,7,2019-12-12 07:28:11.271223
0.4054636061191559,0.5493084788322449,7,2019-12-12 07:28:11.398461
0.40546512603759766,0.5493069887161255,7,2019-12-12 07:28:11.525023
0.405464768409729,0.5493072867393494,7,2019-12-12 07:28:11.660098
0.4054642915725708,0.5493078231811523,7,2019-12-12 07:28:11.806726
0.4054645001888275,0.549307644367218,7,2019-12-12 07:28:11.946367
0.4054635763168335,0.5493085384368896,7,2019-12-12 07:28:12.084590
0.40546470880508423,0.5493075251579285,7,2019-12-12 07:28:12.223702
0.4054681658744812,0.5493038892745972,7,2019-12-12 07:28:12.359689
0.4054630398750305,0.5493090152740479,7,2019-12-12 07:28:12.497216
0.40545737743377686,0.5493146777153015,7,2019-12-12 07:28:12.656067
0.4054316282272339,0.5493404865264893,7,2019-12-12 07:28:12.802356
0.4052515923976898,0.54952073097229,7,2019-12-12 07:28:12.952130
0.4033001959323883,0.5514788627624512,7,2019-12-12 07:28:13.092730
0.3910287916660309,0.5640636086463928,8,2019-12-12 07:28:13.213209
0.4106231927871704,0.5441885590553284,8,2019-12-12 07:28:13.359633
0.4027618169784546,0.5520214438438416,8,2019-12-12 07:28:13.504782
0.4031035900115967,0.5516771078109741,8,2019-12-12 07:28:13.652804
0.40701988339424133,0.5477559566497803,8,2019-12-12 07:28:13.797654
0.40570682287216187,0.5490654110908508,8,2019-12-12 07:28:13.931204
0.4048234820365906,0.5499494075775146,8,2019-12-12 07:28:14.064032
0.4055119454860687,0.5492604374885559,8,2019-12-12 07:28:14.212391
0.405696302652359,0.5490760207176208,8,2019-12-12 07:28:14.350556
0.40547025203704834,0.5493018627166748,8,2019-12-12 07:28:14.480076
0.40538692474365234,0.5493853092193604,8,2019-12-12 07:28:14.613572
0.4054325819015503,0.5493395924568176,8,2019-12-12 07:28:14.740611
0.40547192096710205,0.5493001937866211,8,2019-12-12 07:28:14.885896
0.4054805636405945,0.5492915511131287,8,2019-12-12 07:28:15.030815
0.4054752588272095,0.5492969751358032,8,2019-12-12 07:28:15.169370
0.40547046065330505,0.5493018627166748,8,2019-12-12 07:28:15.297290
0.40546733140945435,0.5493050217628479,8,2019-12-12 07:28:15.431171
0.4054664373397827,0.5493057370185852,8,2019-12-12 07:28:15.573946
0.4054661989212036,0.5493058562278748,8,2019-12-12 07:28:15.722846
0.40546417236328125,0.5493080019950867,8,2019-12-12 07:28:15.870192
0.40546566247940063,0.5493065118789673,8,2019-12-12 07:28:16.027521
0.4054669439792633,0.5493051409721375,8,2019-12-12 07:28:16.167958
0.4054659903049469,0.5493062138557434,8,2019-12-12 07:28:16.310022
0.40546536445617676,0.5493069291114807,8,2019-12-12 07:28:16.448122
0.40546584129333496,0.5493062734603882,8,2019-12-12 07:28:16.586105
0.40546298027038574,0.5493090152740479,8,2019-12-12 07:28:16.723747
0.4054650664329529,0.5493069887161255,8,2019-12-12 07:28:16.862076
0.4054684638977051,0.5493036508560181,8,2019-12-12 07:28:17.013629
0.4054654836654663,0.5493065118789673,8,2019-12-12 07:28:17.152706
0.405473530292511,0.5492985844612122,8,2019-12-12 07:28:17.287833
0.4054955542087555,0.5492766499519348,8,2019-12-12 07:28:17.424194
0.4093891382217407,0.5454058647155762,8,2019-12-12 07:28:17.558050
0.40037649869918823,0.5544347763061523,8,2019-12-12 07:28:17.698832
0.40790683031082153,0.5468741655349731,8,2019-12-12 07:28:17.829262
0.4073966443538666,0.5473811626434326,8,2019-12-12 07:28:17.969038
0.40514740347862244,0.5496247410774231,8,2019-12-12 07:28:18.105587
0.40469133853912354,0.5500816702842712,8,2019-12-12 07:28:18.236760
0.40556806325912476,0.5492039322853088,8,2019-12-12 07:28:18.369861
0.40571129322052,0.5490607023239136,8,2019-12-12 07:28:18.496754
0.40530920028686523,0.5494629144668579,8,2019-12-12 07:28:18.622264
0.4055028557777405,0.5492691397666931,8,2019-12-12 07:28:18.754265
0.4054674506187439,0.5493045449256897,8,2019-12-12 07:28:18.879214
0.4054555594921112,0.5493164658546448,8,2019-12-12 07:28:19.004226
0.40546634793281555,0.5493056774139404,8,2019-12-12 07:28:19.131002
0.40547680854797363,0.5492952466011047,8,2019-12-12 07:28:19.257406
0.4054502844810486,0.5493216514587402,8,2019-12-12 07:28:19.400164
0.4054577052593231,0.5493143200874329,8,2019-12-12 07:28:19.541157
0.40546897053718567,0.5493029952049255,8,2019-12-12 07:28:19.704871
0.40547722578048706,0.5492947101593018,8,2019-12-12 07:28:19.846501
0.40552055835723877,0.54925137758255,8,2019-12-12 07:28:20.038369
0.40593230724334717,0.5488400459289551,8,2019-12-12 07:28:20.195873
0.4112033247947693,0.5436175465583801,8,2019-12-12 07:28:20.390715
0.4032802879810333,0.5514989495277405,8,2019-12-12 07:28:20.619294
0.40202391147613525,0.552765965461731,8,2019-12-12 07:28:20.783021
0.4018264412879944,0.5529655814170837,8,2019-12-12 07:28:20.951982
0.40653103590011597,0.5482426285743713,8,2019-12-12 07:28:21.125696
0.40651389956474304,0.5482599139213562,8,2019-12-12 07:28:21.274657
0.4048781394958496,0.549894392490387,8,2019-12-12 07:28:21.415106
0.4051591157913208,0.5496131777763367,8,2019-12-12 07:28:21.549974
0.40567028522491455,0.5491018891334534,8,2019-12-12 07:28:21.681234
0.4056065082550049,0.5491656064987183,8,2019-12-12 07:28:21.823767
0.40543925762176514,0.5493327975273132,8,2019-12-12 07:28:21.960543
0.40540510416030884,0.5493669509887695,8,2019-12-12 07:28:22.098998
0.40543675422668457,0.549335241317749,8,2019-12-12 07:28:22.238143
0.40546315908432007,0.5493088364601135,8,2019-12-12 07:28:22.368848
0.40547147393226624,0.5493005514144897,8,2019-12-12 07:28:22.496546
0.40547195076942444,0.5493001341819763,8,2019-12-12 07:28:22.623842
0.4054696559906006,0.549302339553833,8,2019-12-12 07:28:22.751172
0.40546655654907227,0.5493054389953613,8,2019-12-12 07:28:22.878294
0.4054657816886902,0.5493062138557434,8,2019-12-12 07:28:23.020209
0.40546613931655884,0.54930579662323,8,2019-12-12 07:28:23.175520
0.4054652452468872,0.5493066310882568,8,2019-12-12 07:28:23.314788
0.40546944737434387,0.5493025779724121,8,2019-12-12 07:28:23.443754
0.40546509623527527,0.5493067502975464,8,2019-12-12 07:28:23.580500
0.4054630994796753,0.5493088364601135,8,2019-12-12 07:28:23.714545
0.4054630994796753,0.5493088364601135,8,2019-12-12 07:28:23.848685
0.40546515583992004,0.5493069291114807,8,2019-12-12 07:28:23.984382
0.40546590089797974,0.5493060946464539,8,2019-12-12 07:28:24.117871
0.4054647386074066,0.5493071675300598,8,2019-12-12 07:28:24.252788
0.40546363592147827,0.5493083000183105,8,2019-12-12 07:28:24.382844
0.4054681956768036,0.5493037104606628,8,2019-12-12 07:28:24.518390
0.40546470880508423,0.549307107925415,8,2019-12-12 07:28:24.646413
0.405464768409729,0.549307107925415,8,2019-12-12 07:28:24.774404
0.4054650366306305,0.5493068099021912,8,2019-12-12 07:28:24.902017
0.4054678678512573,0.5493040084838867,8,2019-12-12 07:28:25.030711
0.4054689407348633,0.5493029356002808,8,2019-12-12 07:28:25.159712
0.4054674208164215,0.5493044257164001,8,2019-12-12 07:28:25.287979
0.4054630696773529,0.5493088364601135,8,2019-12-12 07:28:25.416704
0.40545573830604553,0.5493161082267761,8,2019-12-12 07:28:25.544897
0.4054262042045593,0.5493456125259399,8,2019-12-12 07:28:25.672265
0.40532585978507996,0.5494459271430969,8,2019-12-12 07:28:25.810458
0.40462011098861694,0.5501528382301331,8,2019-12-12 07:28:25.939062
0.3974289894104004,0.5574411749839783,8,2019-12-12 07:28:26.068329
0.41374045610427856,0.5411327481269836,8,2019-12-12 07:28:26.196515
0.40555909276008606,0.5492128133773804,9,2019-12-12 07:28:26.306508
0.4066790044307709,0.5480951070785522,9,2019-12-12 07:28:26.435199
0.40675151348114014,0.548022985458374,9,2019-12-12 07:28:26.563390
0.4064819812774658,0.5482914447784424,9,2019-12-12 07:28:26.691277
0.4061417579650879,0.5486307740211487,9,2019-12-12 07:28:26.818064
0.40587979555130005,0.5488923192024231,9,2019-12-12 07:28:26.943965
0.4057062566280365,0.5490657687187195,9,2019-12-12 07:28:27.074772
0.4055905342102051,0.5491815209388733,9,2019-12-12 07:28:27.213777
0.4055095911026001,0.5492623448371887,9,2019-12-12 07:28:27.354271
0.40545713901519775,0.5493146777153015,9,2019-12-12 07:28:27.495901
0.4054371416568756,0.5493347644805908,9,2019-12-12 07:28:27.637204
0.4054464101791382,0.5493254661560059,9,2019-12-12 07:28:27.767384
0.4054655134677887,0.549306333065033,9,2019-12-12 07:28:27.896829
0.40548157691955566,0.5492902398109436,9,2019-12-12 07:28:28.028487
0.4054524302482605,0.5493195056915283,9,2019-12-12 07:28:28.175228
0.40546515583992004,0.5493068695068359,9,2019-12-12 07:28:28.302881
0.40546759963035583,0.5493043661117554,9,2019-12-12 07:28:28.441383
0.4054814577102661,0.5492904186248779,9,2019-12-12 07:28:28.587005
0.4144013524055481,0.5405551791191101,9,2019-12-12 07:28:28.738369
0.40873587131500244,0.5460861921310425,9,2019-12-12 07:28:28.886463
0.4000849723815918,0.5547658801078796,9,2019-12-12 07:28:29.035060
0.39836859703063965,0.5564913153648376,9,2019-12-12 07:28:29.169281
0.40665119886398315,0.5481275916099548,9,2019-12-12 07:28:29.320696
0.40789884328842163,0.546884298324585,9,2019-12-12 07:28:29.474297
0.4049033224582672,0.549870491027832,9,2019-12-12 07:28:29.630941
0.40462785959243774,0.5501460433006287,9,2019-12-12 07:28:29.788529
0.4056236743927002,0.549149215221405,9,2019-12-12 07:28:29.944632
0.40578097105026245,0.5489920377731323,9,2019-12-12 07:28:30.098176
0.40547990798950195,0.5492926836013794,9,2019-12-12 07:28:30.249964
0.40536144375801086,0.5494112968444824,9,2019-12-12 07:28:30.396359
0.40541911125183105,0.5493535399436951,9,2019-12-12 07:28:30.547428
0.40548038482666016,0.5492922067642212,9,2019-12-12 07:28:30.686873
0.40548983216285706,0.5492827296257019,9,2019-12-12 07:28:30.825748
0.40547695755958557,0.5492955446243286,9,2019-12-12 07:28:30.955828
0.40546485781669617,0.5493077635765076,9,2019-12-12 07:28:31.083449
0.4054616689682007,0.5493106245994568,9,2019-12-12 07:28:31.234394
0.405462384223938,0.5493100881576538,9,2019-12-12 07:28:31.385358
0.4054645299911499,0.5493078231811523,9,2019-12-12 07:28:31.537261
0.40546488761901855,0.5493074059486389,9,2019-12-12 07:28:31.682619
0.4054674208164215,0.5493047833442688,9,2019-12-12 07:28:31.822398
0.40546661615371704,0.5493056774139404,9,2019-12-12 07:28:31.970103
0.4054654538631439,0.5493067502975464,9,2019-12-12 07:28:32.110058
0.4054648280143738,0.5493073463439941,9,2019-12-12 07:28:32.255424
0.4054650068283081,0.5493071675300598,9,2019-12-12 07:28:32.395403
0.4054654836654663,0.5493067502975464,9,2019-12-12 07:28:32.534804
0.4054645895957947,0.5493075847625732,9,2019-12-12 07:28:32.673253
0.4054652452468872,0.5493069887161255,9,2019-12-12 07:28:32.807312
0.4054650664329529,0.5493070483207703,9,2019-12-12 07:28:32.934403
0.40546590089797974,0.5493062138557434,9,2019-12-12 07:28:33.084840
0.40546533465385437,0.5493068099021912,9,2019-12-12 07:28:33.230912
0.4054657220840454,0.5493064522743225,9,2019-12-12 07:28:33.380001
0.40546563267707825,0.5493065714836121,9,2019-12-12 07:28:33.526630
0.4054662883281708,0.5493058562278748,9,2019-12-12 07:28:33.670481
0.40546512603759766,0.5493068695068359,9,2019-12-12 07:28:33.814312
0.40546417236328125,0.5493078231811523,9,2019-12-12 07:28:33.955691
0.40546512603759766,0.5493068099021912,9,2019-12-12 07:28:34.101405
0.405465304851532,0.5493068099021912,9,2019-12-12 07:28:34.246925
0.4054649770259857,0.5493069887161255,9,2019-12-12 07:28:34.387306
0.40546438097953796,0.549307644367218,9,2019-12-12 07:28:34.525586
0.4054652452468872,0.5493068099021912,9,2019-12-12 07:28:34.654243
0.4054647982120514,0.5493071675300598,9,2019-12-12 07:28:34.800212
0.4054645597934723,0.5493074059486389,9,2019-12-12 07:28:34.939155
0.4054642915725708,0.549307644367218,9,2019-12-12 07:28:35.074492
0.4054649770259857,0.5493069291114807,9,2019-12-12 07:28:35.205850
0.4054655432701111,0.5493064522743225,9,2019-12-12 07:28:35.351964
0.4054655432701111,0.5493063926696777,9,2019-12-12 07:28:35.495064
0.40546414256095886,0.5493077039718628,9,2019-12-12 07:28:35.636890
0.40546634793281555,0.5493056178092957,9,2019-12-12 07:28:35.780213
0.40546485781669617,0.5493070483207703,9,2019-12-12 07:28:35.925180
0.4054649770259857,0.5493070483207703,9,2019-12-12 07:28:36.073266
0.4054654836654663,0.5493064522743225,9,2019-12-12 07:28:36.225359
0.4054655134677887,0.549306333065033,9,2019-12-12 07:28:36.366087
0.40546494722366333,0.5493069291114807,9,2019-12-12 07:28:36.508215
0.4054664373397827,0.5493053793907166,9,2019-12-12 07:28:36.640526
0.40546509623527527,0.5493066906929016,9,2019-12-12 07:28:36.770267
0.4054640233516693,0.5493078827857971,9,2019-12-12 07:28:36.914383
0.40546536445617676,0.5493065118789673,9,2019-12-12 07:28:37.058805
0.40546488761901855,0.5493069291114807,9,2019-12-12 07:28:37.201392
0.40546485781669617,0.5493068695068359,9,2019-12-12 07:28:37.343650
0.40546542406082153,0.549306333065033,9,2019-12-12 07:28:37.487925
0.4054647386074066,0.5493070483207703,9,2019-12-12 07:28:37.638766
0.40546470880508423,0.549307107925415,9,2019-12-12 07:28:37.783072
0.40546470880508423,0.5493069887161255,9,2019-12-12 07:28:37.924500
0.4054652750492096,0.5493063926696777,9,2019-12-12 07:28:38.059971
0.4054640531539917,0.5493077039718628,9,2019-12-12 07:28:38.203758
0.4054659903049469,0.54930579662323,9,2019-12-12 07:28:38.341374
0.40546494722366333,0.5493068099021912,9,2019-12-12 07:28:38.470266
0.4054642915725708,0.5493075251579285,9,2019-12-12 07:28:38.600696
0.405465692281723,0.5493059754371643,9,2019-12-12 07:28:38.743100
0.4054654538631439,0.5493062734603882,9,2019-12-12 07:28:38.881222
0.405464768409729,0.5493069291114807,9,2019-12-12 07:28:39.034183
0.4054652154445648,0.5493065118789673,9,2019-12-12 07:28:39.179666
0.40546560287475586,0.5493062138557434,9,2019-12-12 07:28:39.323649
0.40546566247940063,0.5493060946464539,9,2019-12-12 07:28:39.469368
0.405465304851532,0.5493064522743225,10,2019-12-12 07:28:39.594524
0.4054655432701111,0.5493062138557434,10,2019-12-12 07:28:39.742640
0.40546539425849915,0.5493062734603882,10,2019-12-12 07:28:39.895220
0.4054657220840454,0.5493059754371643,10,2019-12-12 07:28:40.044257
0.40546587109565735,0.54930579662323,10,2019-12-12 07:28:40.192130
0.4054650068283081,0.5493066310882568,10,2019-12-12 07:28:40.340816
0.40546518564224243,0.5493065118789673,10,2019-12-12 07:28:40.482397
0.40546563267707825,0.5493060946464539,10,2019-12-12 07:28:40.620672
0.40546560287475586,0.5493060946464539,10,2019-12-12 07:28:40.770972
0.4054661989212036,0.5493054389953613,10,2019-12-12 07:28:40.916960
0.40546607971191406,0.5493055582046509,10,2019-12-12 07:28:41.070196
0.405465304851532,0.549306333065033,10,2019-12-12 07:28:41.212258
0.4054638743400574,0.5493077635765076,10,2019-12-12 07:28:41.355914
0.40546566247940063,0.5493060350418091,10,2019-12-12 07:28:41.499990
0.4054640233516693,0.549307644367218,10,2019-12-12 07:28:41.641243
0.4054659307003021,0.54930579662323,10,2019-12-12 07:28:41.795832
0.40546441078186035,0.5493072867393494,10,2019-12-12 07:28:41.941812
0.4054645597934723,0.549307107925415,10,2019-12-12 07:28:42.083417
0.4054642617702484,0.5493072867393494,10,2019-12-12 07:28:42.222805
0.4054662883281708,0.5493053197860718,10,2019-12-12 07:28:42.361283
0.40546631813049316,0.5493053197860718,10,2019-12-12 07:28:42.506321
0.4054650068283081,0.5493066310882568,10,2019-12-12 07:28:42.642104
0.40547090768814087,0.5493007898330688,10,2019-12-12 07:28:42.780756
0.40546777844429016,0.5493039488792419,10,2019-12-12 07:28:42.916866
0.4054619073867798,0.5493097305297852,10,2019-12-12 07:28:43.052049
0.40544992685317993,0.5493216514587402,10,2019-12-12 07:28:43.190129
0.40536490082740784,0.5494067072868347,10,2019-12-12 07:28:43.341658
0.40449535846710205,0.5502776503562927,10,2019-12-12 07:28:43.482227
0.39541345834732056,0.559512197971344,10,2019-12-12 07:28:43.620896
0.4096466600894928,0.5451509952545166,10,2019-12-12 07:28:43.770395
0.4076722264289856,0.5471067428588867,10,2019-12-12 07:28:43.926870
0.4058610796928406,0.5489107966423035,10,2019-12-12 07:28:44.077993
0.40500760078430176,0.5497643947601318,10,2019-12-12 07:28:44.219782
0.40490615367889404,0.5498659610748291,10,2019-12-12 07:28:44.358316
0.40507134795188904,0.5497005581855774,10,2019-12-12 07:28:44.498969
0.40523332357406616,0.5495383739471436,10,2019-12-12 07:28:44.637994
0.40533286333084106,0.5494388937950134,10,2019-12-12 07:28:44.780608
0.4053860902786255,0.5493855476379395,10,2019-12-12 07:28:44.923870
0.4054161310195923,0.5493555068969727,10,2019-12-12 07:28:45.071332
0.40543609857559204,0.5493355393409729,10,2019-12-12 07:28:45.214742
0.40545159578323364,0.5493201017379761,10,2019-12-12 07:28:45.370910
0.4054632782936096,0.5493082404136658,10,2019-12-12 07:28:45.519743
0.4054690897464752,0.5493025183677673,10,2019-12-12 07:28:45.666285
0.40546828508377075,0.5493033528327942,10,2019-12-12 07:28:45.813967
0.40546470880508423,0.5493069291114807,10,2019-12-12 07:28:45.954310
0.4054633378982544,0.5493082404136658,10,2019-12-12 07:28:46.089215
0.4054645001888275,0.549307107925415,10,2019-12-12 07:28:46.234916
0.4054660201072693,0.5493054986000061,10,2019-12-12 07:28:46.369845
0.4054630398750305,0.5493085384368896,10,2019-12-12 07:28:46.511445
0.40546518564224243,0.5493063926696777,10,2019-12-12 07:28:46.658809
0.4054647386074066,0.5493068695068359,10,2019-12-12 07:28:46.821996
0.4054664969444275,0.5493052005767822,10,2019-12-12 07:28:46.968039
0.4054659605026245,0.5493056774139404,10,2019-12-12 07:28:47.108185
0.40546223521232605,0.5493093132972717,10,2019-12-12 07:28:47.246040
0.405464231967926,0.5493073463439941,10,2019-12-12 07:28:47.389036
0.40546736121177673,0.5493041276931763,10,2019-12-12 07:28:47.531164
0.4054659307003021,0.5493056178092957,10,2019-12-12 07:28:47.672338
0.4054659307003021,0.5493055582046509,10,2019-12-12 07:28:47.808731
0.40546777844429016,0.5493037700653076,10,2019-12-12 07:28:47.949642
0.4054831564426422,0.5492884516716003,10,2019-12-12 07:28:48.101774
0.405717134475708,0.5490545630455017,10,2019-12-12 07:28:48.261009
0.4102093279361725,0.5445956587791443,10,2019-12-12 07:28:48.402628
0.3984418511390686,0.5564045906066895,10,2019-12-12 07:28:48.544401
0.39780426025390625,0.5570566058158875,10,2019-12-12 07:28:48.690923
0.40507644414901733,0.5496954917907715,10,2019-12-12 07:28:48.834305
0.407613605260849,0.5471649765968323,10,2019-12-12 07:28:48.978189
0.40415456891059875,0.5506196618080139,10,2019-12-12 07:28:49.120923
0.40577805042266846,0.5489938259124756,10,2019-12-12 07:28:49.261816
0.4057003855705261,0.5490713715553284,10,2019-12-12 07:28:49.397266
0.40517187118530273,0.5496000051498413,10,2019-12-12 07:28:49.536356
0.40556004643440247,0.5492116212844849,10,2019-12-12 07:28:49.687618
0.40552711486816406,0.5492445826530457,10,2019-12-12 07:28:49.814658
0.4054083824157715,0.5493633151054382,10,2019-12-12 07:28:49.951992
0.40545356273651123,0.5493180751800537,10,2019-12-12 07:28:50.083010
0.4054853618144989,0.5492862462997437,10,2019-12-12 07:28:50.211606
0.4054708480834961,0.5493007898330688,10,2019-12-12 07:28:50.340666
0.40545931458473206,0.5493124127388,10,2019-12-12 07:28:50.469668
0.40546056628227234,0.5493110418319702,10,2019-12-12 07:28:50.601410
0.40546345710754395,0.549308180809021,10,2019-12-12 07:28:50.738595
0.4054652154445648,0.5493063926696777,10,2019-12-12 07:28:50.867966
0.40546613931655884,0.5493054986000061,10,2019-12-12 07:28:51.003213
0.40546539425849915,0.5493062138557434,10,2019-12-12 07:28:51.130841
0.4054654836654663,0.5493060946464539,10,2019-12-12 07:28:51.258414
0.405465692281723,0.5493058562278748,10,2019-12-12 07:28:51.387176
0.40546464920043945,0.5493069291114807,10,2019-12-12 07:28:51.515773
0.405464768409729,0.5493068695068359,10,2019-12-12 07:28:51.656888
0.40546512603759766,0.5493064522743225,10,2019-12-12 07:28:51.806884
0.40546461939811707,0.5493070483207703,10,2019-12-12 07:28:51.960345
0.4054650664329529,0.5493064522743225,10,2019-12-12 07:28:52.111985
0.40546542406082153,0.5493060946464539,10,2019-12-12 07:28:52.264211
0.40546542406082153,0.5493061542510986,10,2019-12-12 07:28:52.422458
0.405464768409729,0.5493068099021912,10,2019-12-12 07:28:52.573413
0.40546560287475586,0.5493060350418091,10,2019-12-12 07:28:52.724358
0.40546441078186035,0.549307107925415,10,2019-12-12 07:28:52.873713
0.4054662585258484,0.5493053197860718,11,2019-12-12 07:28:53.004687
0.40546590089797974,0.5493057370185852,11,2019-12-12 07:28:53.155568
0.405464231967926,0.5493073463439941,11,2019-12-12 07:28:53.304761
0.40546542406082153,0.5493061542510986,11,2019-12-12 07:28:53.456306
0.4054654538631439,0.5493060946464539,11,2019-12-12 07:28:53.611974
0.4054657816886902,0.54930579662323,11,2019-12-12 07:28:53.763278
0.40546441078186035,0.549307107925415,11,2019-12-12 07:28:53.916199
0.4054652452468872,0.549306333065033,11,2019-12-12 07:28:54.068474
0.4054666757583618,0.5493049621582031,11,2019-12-12 07:28:54.219265
0.4054677486419678,0.5493037700653076,11,2019-12-12 07:28:54.362630
0.4054688811302185,0.5493025779724121,11,2019-12-12 07:28:54.511859
0.4054808020591736,0.549290657043457,11,2019-12-12 07:28:54.649272
0.4055815637111664,0.5491899251937866,11,2019-12-12 07:28:54.779457
0.406761109828949,0.5480129718780518,11,2019-12-12 07:28:54.907285
0.41887834668159485,0.5361571907997131,11,2019-12-12 07:28:55.037027
0.4097067713737488,0.5450916290283203,11,2019-12-12 07:28:55.173786
0.4092522859573364,0.5455407500267029,11,2019-12-12 07:28:55.317996
0.4075431227684021,0.5472350120544434,11,2019-12-12 07:28:55.464210
0.4059383273124695,0.5488339066505432,11,2019-12-12 07:28:55.606501
0.4051741659641266,0.5495976805686951,11,2019-12-12 07:28:55.757990
0.4050663709640503,0.5497055053710938,11,2019-12-12 07:28:55.917474
0.4051811099052429,0.5495906472206116,11,2019-12-12 07:28:56.065026
0.40529996156692505,0.5494717359542847,11,2019-12-12 07:28:56.210331
0.40537452697753906,0.5493971705436707,11,2019-12-12 07:28:56.351940
0.4054117202758789,0.5493598580360413,11,2019-12-12 07:28:56.501003
0.4054318070411682,0.5493397116661072,11,2019-12-12 07:28:56.643615
0.40544331073760986,0.5493282675743103,11,2019-12-12 07:28:56.794108
0.4054524004459381,0.5493192076683044,11,2019-12-12 07:28:56.944335
0.4054605960845947,0.5493109822273254,11,2019-12-12 07:28:57.097406
0.4054655432701111,0.5493060946464539,11,2019-12-12 07:28:57.240434
0.4054684042930603,0.5493031740188599,11,2019-12-12 07:28:57.390207
0.40546685457229614,0.5493046641349792,11,2019-12-12 07:28:57.537539
0.4054638147354126,0.5493077635765076,11,2019-12-12 07:28:57.681604
0.405465304851532,0.5493062734603882,11,2019-12-12 07:28:57.825804
0.4054647982120514,0.5493068099021912,11,2019-12-12 07:28:57.969302
0.405464768409729,0.5493067502975464,11,2019-12-12 07:28:58.110777
0.405464768409729,0.5493068099021912,11,2019-12-12 07:28:58.251292
0.405464768409729,0.5493067502975464,11,2019-12-12 07:28:58.395676
0.4054652154445648,0.5493062734603882,11,2019-12-12 07:28:58.538774
0.40546536445617676,0.5493061542510986,11,2019-12-12 07:28:58.680369
0.4054645001888275,0.5493069887161255,11,2019-12-12 07:28:58.830804
0.4054678678512573,0.5493036508560181,11,2019-12-12 07:28:58.967409
0.40546512603759766,0.549306333065033,11,2019-12-12 07:28:59.115296
0.4054630994796753,0.5493084192276001,11,2019-12-12 07:28:59.268083
0.4054563045501709,0.5493152141571045,11,2019-12-12 07:28:59.418996
0.4054301381111145,0.5493413805961609,11,2019-12-12 07:28:59.565988
0.40523719787597656,0.5495343804359436,11,2019-12-12 07:28:59.710330
0.40372323989868164,0.5510528087615967,11,2019-12-12 07:28:59.859716
0.39631789922714233,0.5585809946060181,11,2019-12-12 07:29:00.011864
0.39481210708618164,0.5601329207420349,11,2019-12-12 07:29:00.158628
0.40273135900497437,0.5520521402359009,11,2019-12-12 07:29:00.317242
0.3987623155117035,0.5560786724090576,11,2019-12-12 07:29:00.468382
0.40449845790863037,0.5502758622169495,11,2019-12-12 07:29:00.620131
0.4078035354614258,0.5469772815704346,11,2019-12-12 07:29:00.763962
0.40543293952941895,0.5493397116661072,11,2019-12-12 07:29:00.907770
0.4046527147293091,0.5501207113265991,11,2019-12-12 07:29:01.059195
0.4055842161178589,0.549188494682312,11,2019-12-12 07:29:01.210653
0.405742347240448,0.5490301251411438,11,2019-12-12 07:29:01.360949
0.4054239094257355,0.5493485927581787,11,2019-12-12 07:29:01.504752
0.405364453792572,0.5494080185890198,11,2019-12-12 07:29:01.650847
0.4054624140262604,0.5493098497390747,11,2019-12-12 07:29:01.801348
0.4054986834526062,0.5492736101150513,11,2019-12-12 07:29:01.944282
0.405479371547699,0.5492929220199585,11,2019-12-12 07:29:02.080375
0.4054604470729828,0.5493116974830627,11,2019-12-12 07:29:02.223392
0.4054577350616455,0.5493144392967224,11,2019-12-12 07:29:02.364599
0.4054616391658783,0.5493104457855225,11,2019-12-12 07:29:02.505522
0.40546485781669617,0.5493072867393494,11,2019-12-12 07:29:02.641792
0.4054659605026245,0.5493060946464539,11,2019-12-12 07:29:02.779639
0.40546584129333496,0.5493062138557434,11,2019-12-12 07:29:02.922617
0.40546515583992004,0.5493069291114807,11,2019-12-12 07:29:03.056692
0.4054650664329529,0.5493069887161255,11,2019-12-12 07:29:03.201814
0.40546509623527527,0.5493068695068359,11,2019-12-12 07:29:03.342731
0.4054649770259857,0.5493069291114807,11,2019-12-12 07:29:03.495919
0.4054650068283081,0.5493068695068359,11,2019-12-12 07:29:03.645524
0.40546494722366333,0.5493069291114807,11,2019-12-12 07:29:03.794712
0.4054650068283081,0.5493069291114807,11,2019-12-12 07:29:03.935950
0.40546518564224243,0.5493068099021912,11,2019-12-12 07:29:04.076090
0.40546494722366333,0.5493069291114807,11,2019-12-12 07:29:04.204230
0.4054650664329529,0.5493067502975464,11,2019-12-12 07:29:04.343614
0.4054644703865051,0.5493074655532837,11,2019-12-12 07:29:04.487482
0.4054645597934723,0.5493072867393494,11,2019-12-12 07:29:04.638547
0.4054645299911499,0.5493072271347046,11,2019-12-12 07:29:04.784809
0.40546441078186035,0.5493073463439941,11,2019-12-12 07:29:04.934692
0.40546488761901855,0.5493068695068359,11,2019-12-12 07:29:05.083261
0.40546536445617676,0.5493063926696777,11,2019-12-12 07:29:05.236864
0.4054654836654663,0.5493062734603882,11,2019-12-12 07:29:05.376304
0.4054650664329529,0.5493066310882568,11,2019-12-12 07:29:05.507769
0.4054649770259857,0.5493068099021912,11,2019-12-12 07:29:05.642619
0.40546488761901855,0.5493068099021912,11,2019-12-12 07:29:05.775990
0.40546515583992004,0.5493065714836121,11,2019-12-12 07:29:05.912203
0.4054648280143738,0.5493068099021912,11,2019-12-12 07:29:06.056563
0.4054652154445648,0.5493065714836121,11,2019-12-12 07:29:06.188650
0.40546518564224243,0.5493066310882568,11,2019-12-12 07:29:06.331663
0.4054650366306305,0.5493065714836121,11,2019-12-12 07:29:06.481538
0.40546461939811707,0.5493070483207703,12,2019-12-12 07:29:06.610919
0.4054652750492096,0.5493063926696777,12,2019-12-12 07:29:06.762445
0.405461847782135,0.5493098497390747,12,2019-12-12 07:29:06.912847
0.4054628908634186,0.549308717250824,12,2019-12-12 07:29:07.056738
0.4054637551307678,0.5493078827857971,12,2019-12-12 07:29:07.200574
0.40546414256095886,0.5493074059486389,12,2019-12-12 07:29:07.340842
0.40546542406082153,0.5493061542510986,12,2019-12-12 07:29:07.480262
0.40546566247940063,0.5493060350418091,12,2019-12-12 07:29:07.628485
0.4054654836654663,0.5493061542510986,12,2019-12-12 07:29:07.761467
0.4054662585258484,0.5493053197860718,12,2019-12-12 07:29:07.889908
0.4054639935493469,0.549307644367218,12,2019-12-12 07:29:08.027192
0.40546563267707825,0.5493059754371643,12,2019-12-12 07:29:08.157179
0.4054650664329529,0.5493064522743225,12,2019-12-12 07:29:08.314234
0.405464768409729,0.5493068695068359,12,2019-12-12 07:29:08.452329
0.40546518564224243,0.5493063926696777,12,2019-12-12 07:29:08.583281
0.40546515583992004,0.5493064522743225,12,2019-12-12 07:29:08.725979
0.4054647982120514,0.5493068695068359,12,2019-12-12 07:29:08.869210
0.4054652750492096,0.5493062734603882,12,2019-12-12 07:29:09.020939
0.4054650068283081,0.5493065118789673,12,2019-12-12 07:29:09.171519
0.40546515583992004,0.5493064522743225,12,2019-12-12 07:29:09.315884
0.4054649770259857,0.5493065714836121,12,2019-12-12 07:29:09.471810
0.405464768409729,0.5493067502975464,12,2019-12-12 07:29:09.619410
0.40546533465385437,0.5493062138557434,12,2019-12-12 07:29:09.766698
0.40546461939811707,0.5493069291114807,12,2019-12-12 07:29:09.920077
0.40546512603759766,0.5493064522743225,12,2019-12-12 07:29:10.069949
0.40546488761901855,0.5493066310882568,12,2019-12-12 07:29:10.214618
0.40546461939811707,0.5493069291114807,12,2019-12-12 07:29:10.363002
0.40546441078186035,0.549307107925415,12,2019-12-12 07:29:10.505843
0.40546131134033203,0.5493102073669434,12,2019-12-12 07:29:10.647315
0.40546733140945435,0.5493042469024658,12,2019-12-12 07:29:10.787581
0.4054654836654663,0.5493060946464539,12,2019-12-12 07:29:10.934172
0.4054635763168335,0.5493079423904419,12,2019-12-12 07:29:11.071841
0.4054649770259857,0.5493065118789673,12,2019-12-12 07:29:11.222693
0.40546491742134094,0.5493066310882568,12,2019-12-12 07:29:11.374089
0.40546464920043945,0.5493069887161255,12,2019-12-12 07:29:11.520338
0.405465304851532,0.5493060946464539,12,2019-12-12 07:29:11.669842
0.40546393394470215,0.5493075847625732,12,2019-12-12 07:29:11.818385
0.40545520186424255,0.5493162870407104,12,2019-12-12 07:29:11.967581
0.40547144412994385,0.549299955368042,12,2019-12-12 07:29:12.115838
0.4054632782936096,0.5493081212043762,12,2019-12-12 07:29:12.257599
0.4054633677005768,0.549308180809021,12,2019-12-12 07:29:12.405204
0.4054638147354126,0.549307644367218,12,2019-12-12 07:29:12.547788
0.40546512603759766,0.549306333065033,12,2019-12-12 07:29:12.688617
0.40546488761901855,0.5493065714836121,12,2019-12-12 07:29:12.823317
0.40546515583992004,0.5493063926696777,12,2019-12-12 07:29:12.964285
0.40546029806137085,0.5493111610412598,12,2019-12-12 07:29:13.101766
0.40543895959854126,0.5493324398994446,12,2019-12-12 07:29:13.232644
0.40528321266174316,0.5494882464408875,12,2019-12-12 07:29:13.363713
0.4051830768585205,0.5495885014533997,12,2019-12-12 07:29:13.506465
0.40558958053588867,0.5491818785667419,12,2019-12-12 07:29:13.651664
0.405376136302948,0.5493953227996826,12,2019-12-12 07:29:13.811649
0.40555301308631897,0.549218475818634,12,2019-12-12 07:29:13.954749
0.40540480613708496,0.5493666529655457,12,2019-12-12 07:29:14.096633
0.4054529070854187,0.5493185520172119,12,2019-12-12 07:29:14.231726
0.4054916501045227,0.5492798089981079,12,2019-12-12 07:29:14.359309
0.4055137634277344,0.5492576360702515,12,2019-12-12 07:29:14.497918
0.4056282043457031,0.5491432547569275,12,2019-12-12 07:29:14.628175
0.40646013617515564,0.5483128428459167,12,2019-12-12 07:29:14.762214
0.411157488822937,0.5436621308326721,12,2019-12-12 07:29:14.901612
0.4032602906227112,0.5515184998512268,12,2019-12-12 07:29:15.031259
0.40371742844581604,0.5510585904121399,12,2019-12-12 07:29:15.169835
0.4048662781715393,0.5499056577682495,12,2019-12-12 07:29:15.306266
0.40559667348861694,0.5491748452186584,12,2019-12-12 07:29:15.451695
0.4058114290237427,0.5489602088928223,12,2019-12-12 07:29:15.598129
0.4056303799152374,0.5491411089897156,12,2019-12-12 07:29:15.747164
0.4053981304168701,0.5493733286857605,12,2019-12-12 07:29:15.894429
0.40539199113845825,0.5493794679641724,12,2019-12-12 07:29:16.045026
0.40549778938293457,0.549273669719696,12,2019-12-12 07:29:16.199218
0.40547728538513184,0.5492941737174988,12,2019-12-12 07:29:16.351209
0.4054463803768158,0.5493250489234924,12,2019-12-12 07:29:16.508388
0.4054752290248871,0.5492962002754211,12,2019-12-12 07:29:16.669931
0.40545785427093506,0.5493136048316956,12,2019-12-12 07:29:16.813793
0.4054693877696991,0.5493020415306091,12,2019-12-12 07:29:16.960496
0.4054611325263977,0.5493102669715881,12,2019-12-12 07:29:17.103725
0.4054664969444275,0.5493049621582031,12,2019-12-12 07:29:17.247192
0.4054654836654663,0.5493059754371643,12,2019-12-12 07:29:17.399718
0.40546169877052307,0.5493097901344299,12,2019-12-12 07:29:17.549710
0.40545833110809326,0.5493131279945374,12,2019-12-12 07:29:17.699366
0.4054427146911621,0.5493286848068237,12,2019-12-12 07:29:17.850509
0.4053416848182678,0.5494297742843628,12,2019-12-12 07:29:17.994010
0.40442320704460144,0.5503498315811157,12,2019-12-12 07:29:18.148400
0.3962996304035187,0.5585997104644775,12,2019-12-12 07:29:18.299603
0.40853047370910645,0.5462549328804016,12,2019-12-12 07:29:18.451156
0.4071822762489319,0.5475935339927673,12,2019-12-12 07:29:18.600440
0.40579110383987427,0.5489804744720459,12,2019-12-12 07:29:18.751151
0.40514054894447327,0.5496310591697693,12,2019-12-12 07:29:18.901215
0.4050357937812805,0.549735963344574,12,2019-12-12 07:29:19.053404
0.40513646602630615,0.549635112285614,12,2019-12-12 07:29:19.203470
0.4052543044090271,0.5495172142982483,12,2019-12-12 07:29:19.353016
0.405336856842041,0.5494346022605896,12,2019-12-12 07:29:19.510064
0.40539035201072693,0.5493811368942261,12,2019-12-12 07:29:19.672565
0.4054247736930847,0.5493466258049011,12,2019-12-12 07:29:19.825398
0.40544945001602173,0.5493220090866089,12,2019-12-12 07:29:19.979367
0.4054657220840454,0.5493056774139404,12,2019-12-12 07:29:20.133040
0.40547603368759155,0.5492953658103943,13,2019-12-12 07:29:20.264884
0.4054669439792633,0.5493044853210449,13,2019-12-12 07:29:20.418037
0.40546101331710815,0.5493104457855225,13,2019-12-12 07:29:20.571806
0.4054636061191559,0.5493078231811523,13,2019-12-12 07:29:20.724413
0.40546637773513794,0.5493050813674927,13,2019-12-12 07:29:20.880551
0.4054657816886902,0.5493055582046509,13,2019-12-12 07:29:21.032804
0.4054632782936096,0.5493081212043762,13,2019-12-12 07:29:21.188856
0.4054660499095917,0.5493053793907166,13,2019-12-12 07:29:21.342672
0.40546485781669617,0.5493065118789673,13,2019-12-12 07:29:21.497294
0.40546613931655884,0.549305260181427,13,2019-12-12 07:29:21.648713
0.40546441078186035,0.5493069887161255,13,2019-12-12 07:29:21.800840
0.4054681956768036,0.5493031740188599,13,2019-12-12 07:29:21.949782
0.405466765165329,0.5493046045303345,13,2019-12-12 07:29:22.090073
0.4054650366306305,0.549306333065033,13,2019-12-12 07:29:22.224309
0.4054611921310425,0.5493102073669434,13,2019-12-12 07:29:22.366445
0.40545526146888733,0.5493160486221313,13,2019-12-12 07:29:22.508789
0.4054228663444519,0.5493485331535339,13,2019-12-12 07:29:22.651779
0.4051460325717926,0.5496255159378052,13,2019-12-12 07:29:22.785319
0.40202319622039795,0.5527660846710205,13,2019-12-12 07:29:22.915734
0.4046577215194702,0.550114631652832,13,2019-12-12 07:29:23.048129
0.4025329649448395,0.552251398563385,13,2019-12-12 07:29:23.189270
0.4038313627243042,0.5509440302848816,13,2019-12-12 07:29:23.319682
0.40481364727020264,0.5499584674835205,13,2019-12-12 07:29:23.451154
0.4053153991699219,0.5494561195373535,13,2019-12-12 07:29:23.585546
0.4054875671863556,0.5492838621139526,13,2019-12-12 07:29:23.722924
0.40550920367240906,0.5492621660232544,13,2019-12-12 07:29:23.855439
0.4054844379425049,0.549286961555481,13,2019-12-12 07:29:23.982621
0.40545564889907837,0.5493157505989075,13,2019-12-12 07:29:24.111855
0.4054376482963562,0.5493337512016296,13,2019-12-12 07:29:24.239593
0.40543481707572937,0.5493365526199341,13,2019-12-12 07:29:24.367457
0.4054431915283203,0.5493282675743103,13,2019-12-12 07:29:24.506188
0.40545913577079773,0.5493122339248657,13,2019-12-12 07:29:24.635020
0.40546998381614685,0.5493013858795166,13,2019-12-12 07:29:24.762465
0.4054694175720215,0.5493019819259644,13,2019-12-12 07:29:24.893293
0.4054648280143738,0.5493065714836121,13,2019-12-12 07:29:25.023240
0.4054633677005768,0.5493080615997314,13,2019-12-12 07:29:25.153545
0.4054657816886902,0.5493055582046509,13,2019-12-12 07:29:25.283451
0.405465304851532,0.5493061542510986,13,2019-12-12 07:29:25.414054
0.40546536445617676,0.5493060350418091,13,2019-12-12 07:29:25.544797
0.4054648280143738,0.5493066310882568,13,2019-12-12 07:29:25.675422
0.4054652452468872,0.5493061542510986,13,2019-12-12 07:29:25.815251
0.40546542406082153,0.5493059754371643,13,2019-12-12 07:29:25.944746
0.40546679496765137,0.5493046045303345,13,2019-12-12 07:29:26.074273
0.40546733140945435,0.5493040680885315,13,2019-12-12 07:29:26.203976
0.40547236800193787,0.5492990612983704,13,2019-12-12 07:29:26.333049
0.40549272298812866,0.5492786169052124,13,2019-12-12 07:29:26.462321
0.40566322207450867,0.5491082668304443,13,2019-12-12 07:29:26.594493
0.4076029658317566,0.5471752882003784,13,2019-12-12 07:29:26.726676
0.4109227955341339,0.5438928604125977,13,2019-12-12 07:29:26.856764
0.40849828720092773,0.5462868213653564,13,2019-12-12 07:29:26.986952
0.4064036011695862,0.5483690500259399,13,2019-12-12 07:29:27.127231
0.40567994117736816,0.5490915775299072,13,2019-12-12 07:29:27.256713
0.4053776264190674,0.5493937730789185,13,2019-12-12 07:29:27.387769
0.4052477777004242,0.5495237112045288,13,2019-12-12 07:29:27.517725
0.4052347242832184,0.5495367050170898,13,2019-12-12 07:29:27.650694
0.4053106904029846,0.549460768699646,13,2019-12-12 07:29:27.781124
0.40542206168174744,0.549349308013916,13,2019-12-12 07:29:27.913182
0.40549713373184204,0.5492742657661438,13,2019-12-12 07:29:28.043809
0.40549877285957336,0.5492726564407349,13,2019-12-12 07:29:28.174705
0.4054597020149231,0.5493117570877075,13,2019-12-12 07:29:28.306974
0.40545353293418884,0.5493178367614746,13,2019-12-12 07:29:28.448623
0.40547049045562744,0.5493009090423584,13,2019-12-12 07:29:28.578807
0.4054654836654663,0.5493059158325195,13,2019-12-12 07:29:28.711454
0.4054635763168335,0.5493078231811523,13,2019-12-12 07:29:28.840301
0.4054666757583618,0.549304723739624,13,2019-12-12 07:29:28.969824
0.40546369552612305,0.5493077039718628,13,2019-12-12 07:29:29.099677
0.40546539425849915,0.5493060350418091,13,2019-12-12 07:29:29.230550
0.4054645895957947,0.5493068099021912,13,2019-12-12 07:29:29.366116
0.405462384223938,0.5493090152740479,13,2019-12-12 07:29:29.496774
0.40546485781669617,0.5493065118789673,13,2019-12-12 07:29:29.625845
0.40546560287475586,0.54930579662323,13,2019-12-12 07:29:29.765774
0.40546709299087524,0.5493043065071106,13,2019-12-12 07:29:29.907454
0.40547382831573486,0.549297571182251,13,2019-12-12 07:29:30.054230
0.40552276372909546,0.5492485761642456,13,2019-12-12 07:29:30.194831
0.40603822469711304,0.548733651638031,13,2019-12-12 07:29:30.325117
0.41236400604248047,0.5424779653549194,13,2019-12-12 07:29:30.456068
0.3927163779735565,0.5623041391372681,13,2019-12-12 07:29:30.584265
0.41202232241630554,0.5428129434585571,13,2019-12-12 07:29:30.713790
0.40560778975486755,0.5491637587547302,13,2019-12-12 07:29:30.842089
0.4033734202384949,0.5514046549797058,13,2019-12-12 07:29:30.983427
0.40453842282295227,0.5502343773841858,13,2019-12-12 07:29:31.122042
0.4057106375694275,0.5490609407424927,13,2019-12-12 07:29:31.249986
0.40592092275619507,0.5488508939743042,13,2019-12-12 07:29:31.378284
0.4055848717689514,0.549186646938324,13,2019-12-12 07:29:31.507541
0.40534594655036926,0.5494256019592285,13,2019-12-12 07:29:31.636794
0.4053889214992523,0.5493825674057007,13,2019-12-12 07:29:31.765479
0.4054945707321167,0.5492769479751587,13,2019-12-12 07:29:31.893998
0.40549448132514954,0.5492770671844482,13,2019-12-12 07:29:32.025091
0.4054540991783142,0.5493173599243164,13,2019-12-12 07:29:32.157030
0.4054562747478485,0.5493151545524597,13,2019-12-12 07:29:32.287021
0.40547096729278564,0.5493004322052002,13,2019-12-12 07:29:32.426305
0.40546634793281555,0.5493050813674927,13,2019-12-12 07:29:32.557887
0.4054620862007141,0.5493094325065613,13,2019-12-12 07:29:32.687976
0.40546607971191406,0.5493053793907166,13,2019-12-12 07:29:32.818963
0.40546369552612305,0.5493077635765076,14,2019-12-12 07:29:32.939833
0.40546342730522156,0.5493080019950867,14,2019-12-12 07:29:33.077644
0.40538981556892395,0.549381673336029,14,2019-12-12 07:29:33.206204
0.40546947717666626,0.5493019819259644,14,2019-12-12 07:29:33.333522
0.40548431873321533,0.5492871403694153,14,2019-12-12 07:29:33.463243
0.40544599294662476,0.5493254065513611,14,2019-12-12 07:29:33.592926
0.40547773241996765,0.5492936968803406,14,2019-12-12 07:29:33.722906
